Signatura,Estantería,Autor,Título,Editorial,Año,Materias
"1.1 (vols. a, b)",A1,"Ambronn, L.",Handbuch der astronomischen Instrumentenkunde,Berlín : Verlag von Julius Springer,1899,Astronomía-instrumentos
1.2,A1,,How to find the Stars and Planets,Cincinnati : Authority of the Board of Directors of the University,1920,Estrellas; Planetas
1.4,A1,"Carrasco Garrorena, R.",El cálculo de Orbitas parabólicas. Cometa 1924 (Finsler). Memoria,"Madrid : Universidad Central, Facultad de Ciencias",1926,Órbitas
1.5,A1,"Gil Montaner, Fernando",L'astrolabe á Prisme dans les Travaux Geodesiques et Astronomiques de l'institut Geographique et Cadastral d'Espagne,Madrid : Ateliers de l'institut Geophisique et Cadastral,1930,Astrolabio
1.6,A1,"Collinder, Per",On structural Properties of Open Galactic Clusters and their spatial distribution,Lund : Philosophical Faculty,1931,Galaxias
1.7,A1,"King, Edward Skinner",A manual of Celestial Photography. Principles and practice for those interested in Photographing the heavens,Boston : Eastern Science Supply Co.,1931,Fotografiado del cielo
1.8,A1,"Cox, J. F.",Recherches sur les petites planetes,Bruxelles : Marcel Hayez,1932,Asteroides; Mecánica celeste
1.9,A1,"Cox, J. F.",Recherches sur les petites planetes,Bruxelles : Marcel Hayez,1932,Asteroides; Mecánica celeste
1.10,A1,"Danjon, André",Lunettes et telescopes. Theorie - conditions d'emploi - description - reglage - histoire,Paris : Editions de la Revue d'optique theorique et instrumentale,1935,Telescopios
1.11,A1,"Mañas y Bonví, J.",Optica aplicada. 2ª ed.,Barcelona : Ed. Altés,1935,Óptica
1.12,A1,"McDonald Observatory and Astronomical Symposium, 1939","The McDonald Telescope. On galactic and extra-galactic structure. Commemorating the dedication and the formal opening of the McDonald observatory of the University of Texas. May 5-8, 1939",Cleveland (USA) : The Caxton Company,1931,Telescopios
1.13,A1,"Bok, B. J. [et al.]",The fundamental properties of the Galactic System,New York : Academy of Sciences,1941,Sistema galáctico
1.14,A1,"Medina, A. de",Cosmografía y Navegación,"Madrid : Ministerio del Aire, I.N.T.A.",1944,Cosmografía
1.15,A1,"Torroja Menéndez, José María",El Sistema Galáctico,Madrid : Talleres del Instituto Geográfico y Catastral,1944,Sistema galáctico
1.16,A1,"Skilling, W. T.",Astronomy,New York : Henry Holt and Company,1947,Astronomía
1.17,A1,"Puig, Ignacio (P.)",¿Influye la Luna en la Tierra?. 2ª ed.,"Barcelona : Imprenta revista ""Ibérica""",s.d.,Tierra; Luna
1.18,A1,"Kopal, Z.",The computation of elements of eclipsing binary systems,"Cambridge, Mass. : Observatory Cambridge",1950,Sistemas binarios eclipsantes
1.19,A1,Schurig,Himmelsatlas,Mannheim : Bibliographisches Institut,1960,Cielo-atlas
1.20,A1,"Gastardi, Enrique",La evolución estelar,Madrid,1950,Estrellas-evolución
"1.21 (vols. a, b)",A1,"Waldmeier, M.",Die Sonnenkorona. Vol. I: Beobachtungen der Korona 1939-1949. Vol. II: Struktur und Variationen der monochromatischen Korona,Basel : Verlag Birkhäuser,1951,Sol-corona
1.22,A1,"Van de Kamp, P.",Long-Focus Photographic Astrometry,,1951,Astronomía-fotografía
1.23,A1,"Alfvén, H.",Cosmical Electrodynamics,Oxford : The Clarendon Press,1953,Electrodinámica cósmica
1.24,A1,Convegno di scienze fisiche matematiche e naturali (1952),Problemi della fisica solare,Roma : Accademia Nazionale dei Lincei,1953,Física solar
1.25,A1,"Pensado, J.",Las Estrellas dobles visuales,Madrid,1954,Estrellas dobles
1.26,A1,"López Arroyo, M.",Espectroscopia Astronómica,Madrid,1956,Astronomía-espectros
1.27,A1,C.S.I.R.O. Radiophysics Laboratory,"Symposium on Radio Astronomy. Sydney. September, 1956",Sydney,1956,Radioastronomía
1.28,A1,"Hagihara, Y.",Stability in celestial mechanics,Tokyo,1957,Mecánica celeste
1.29,A1,"Cameron, A. G. W.","Stellar evolution, nuclear astrophysics and nucleogenesis","Chalk River (Ontario) : Atomic Energy of Canada Limited, Chalk River Project, Research and development",1957,Evolución estelar
1.30,A1,"Loewy, M. M.",Determination des orbites des comètes. Instructions pour les travaux astronomiques,(París) : Observatoire de París,s.d.,Cometas-órbitas
"1.31 (vols. a, b)",A1,"Rigaux, Fernand",Les observatoires astronomiques et les astronomes,Bruxelles : Observatoire Royal de Belgique et sous les auspices de l'Union Astronomique Internationale,1959,Observatorios astronómicos; Astrónomos
1.32,A1,"Gonçalves, Manuel",A teoria do instrumento de Passagens,Porto : Instituto de Alta Cultura,1960,Astronomía-instrumentos
1.33,A1,Osservatorio Astronomico di Brera-Milano,"Atti del colloquio sui problemi della determinazione, conservazione e sincronizzazione del tempo = Proceedings of the colloquium on the problems of the time determination, keeping and synchronization. Milan, April 23-24, 1968",Pavia,1968,Tiempo-determinación
1.34,A1,"Kourganoff, V.",Astronomie fondamentale élémentaire,Paris : Masson et Cie.,1961,Astronomía fundamental
1.35,A1,"Ambartsumian, V. A. (ed.)",Theoretical astrophysics,London [etc.] : Pergamon Press,1958,Astrofísica
1.36,A1,"Wood, Frank Bradshaw (ed.)","The Present and future of the telescope of moderate size: Symposium papers presented at the Dedication of the Flower and Cook Observatory of the University of Pennsylvania, June 11 and 12, 1956",Philadelphia : University of Pennsylvania,1958,Telescopios
1.37,A1,"Flügge, S. (ed.)","Encyclopedia of Physics = Handbuch der Physik. Vol. LII, Astrophysik III: The solar system",Berlin [etc.] : Springer Verlag,1959,Sistema solar
1.38,A1,"Kurnosova, L. V. (ed.)",Artificial Earth satellites. Vols 7-8,New York : Consultants Bureau Enterprises Inc.,1962,Satélites artificiales
1.39,A1,"Liso Puente, M.",Métodos de cálculo y mejora de órbitas de binarias visuales,Zaragoza : Facultad de Ciencias,1962,Órbitas binarias
1.41,A1,Sesquicentennial of the May revolution,"Symposium on stellar evolution. November 7-11, 1960","La Plata (Argentina) : Astronomical Observatory, National University of La Plata",1962,Evolución estelar
1.42,A1,"Schatzman, Evry (ed.)",Astronomie,s.l. : Editions Gallimard,1962,Astronomía-enciclopedias
1.43,A1,"Deutsch, Armin J. ; Klemperer, Wolfgang (eds.)","Space age astronomy: an international symposium sponsored by Douglas Aircraft Company, Inc. August 7-9, 1961 at the California Institute of Technology in conjunction with the XI General Assembly of the International Astronomical Union",New York [etc.] : Academic Press,1962,Investigación espacial
1.44,A1,"Menzel, Donald H.",Our sun,"Cambridge, Massachusetts : Harvard University Press",1959,Sol
1.45,A1,"Kleczek, J.",Astronomical dictionary,New York [etc.] : Czechoslovak Academy of Sciences,1961,Astronomía-diccionarios
1.47,A1,"Simoes da Silva, A. V. C.",Sobre o cálculo de órbitas de binários visuais de estrelas pelo Método de Thiele-Innes,Coimbra,1963,Estrellas-órbitas binarias; Método Thiele-Innes
1.51,A1,"Abrami, A.",Lezioni di Astrofisica tenute all'Università degli Studi di Trieste durante l'anno accademico 1961-62,Trieste : Osservatorio Astronomico,1963,Astrofísica
1.56,A1,"Vsekhsvyatskii, S. K.",Physical characteristics of Comets,Jerusalem : Israel Program for Scientific Translations,1964,Cometas
1.57,A1,"Sharonov, V. V.",The nature of the planets,Jerusalem : Israel Program for scientific Translations,1964,Planetas-naturaleza
1.58,A1,"Katasev, L. A.",Photographic methods in meteor Astronomy,Moskva ; Jerusalem : Gosudarstvennoe Izdatel'stvo Tekhniko-Teoreticheskoi Literatury ; Israel Program for Scientific Translations,1957,Meteoros-métodos fotográficos
1.59,A1,"Kulikov, K. A.",Fundamental constants of Astronomy,Moskva ; Jerusalem : Gosudarstvennoe Izdatel'stvo Tekhniko-Teoreticheskoi Literatury ; Israel Program for Scientific Translation,1956,Astronomía-constantes fundamentales
1.60,A1,"Mirtov, B. A.",Gaseous composition of the atmosphere and its Analysis,Jerusalem : Israel Program for scientific translations,1964,Atmósfera; Gases
1.61,A2,"Caspar, Max",Kepler,[New York] : [Dover Publications],1993,"Kepler, Johannes; Astronomía - Historia; Astrónomos - Biografías"
1.62,A2,Organisation européenne de recherches spatiales (ESRO),L'Europe spatiale : étude préparée par l'Organisation européenne de recherches spatiales (ESRO),[Paris] : [ESRO],1974,Investigación espacial - Europa
1.65,A2,"Sullivan, W.",Nous ne sommes pas seuls dans l'Univers,Paris : Robert Laffont,1966,Universo
1.67,A2,"Allen, C. W.",Astrophysical quantities. 2nd ed.,"London : The Athlone Press, University of London",1962,Astrofísica
1.69,A2,"Muirden, J.",The handbook of astronomy,London : Arthur Barker Limited,1964,Astronomía
1.72,A2,"Carrasco, Rafael",Las distancias en astronomía,Madrid : Instituto Geográfico y Catastral,194?,Distancias astronómicas
1.73,A2,"Pogosyan, Kh. P.",The air envelope of the earth,Jerusalem : Israel Program for Scientific Translations,1965,Tierra
1.74,A2,Akademiya Nauk Ukrainskoi SSR,Physics of comets and meteors,Jerusalem : Israel Program for Scientific Translations,1966,Cometas; Meteoros
1.75,A2,Colloquium on the Scientific Aspects of the Hipparcos Input Catalogue Preparation (2º. 1988. Sitges),"Hipparcos: Scientific aspects of the input catalogue preparation II : Proceedings of a Colloquium held at Sitges, Catalonia, Spain, from 25 to 29 January 1988","[Barcelona] : Comissió Interdepartamental de Recerca i Innovació Tecnològica, Generalitat de Catalunya",1988,Astrometría - Congresos; Satélites artificiales en astronomía; Hipparcos (satélite)
1.76,A2,"Torroja Menéndez, José María",El sistema galáctico,Madrid : [s.n.],1944,Sistema galáctico
1.77,A2,"Miguel Lafuente, Tomás",Orientación del vector de Parkinson en los observatorios del Ebro y Logroño,"Madrid : Instituto Geográfico y Catastral, Subdirección General de Geofísica, Sección de Geomagnetismo y Aeronomía",1973,Geomagnetismo; Inducción geomagnética
1.78,A2,Royal Greenwich Observatory,"Telescopes, instruments, research and services : October 1 1980 - September 30 1985","Herstmonceux Castle, Hailsham (Sussex) : Royal Greenwich Observatory",1985,Observatorios astronómicos; Telescopios
1.79,A2,COSPAR. Plenary Meeting (17ª. 1974. São Paulo),"Space research XV : Proceedings of open meetings of working groups on physical sciences of the seventeenth plenary meeting of COSPAR, São Paulo, S. P., Brazil, June 1974",Berlin : Akademie-Verlag,1975,Investigación espacial - Congresos
1.81,A2,Sociedad Española de Astronomía,"Astrofísica con plataformas espaciales : Sitges, 31 de mayo - 2 de junio, 1995",[Sitges (Barcelona)] : [Sociedad Española de Astronomía],1995,Astrofísica - Congresos; Investigación espacial
1.85,A2,International Summer Course on Observational Aspects of Galactic Structure (1964. Lagonissi),"Observational aspects of galactic structure : International Summer Course held under the auspices of the NATO Science Committee in Lagonissi, near Athens, Greece, 9-23 September 1964",Athens,1965,Galaxias (estructura)
1.86,A2,"Paul, H. E.",Telescopes for skygazing,New York [etc.] : Amphoto,1965,Telescopios
"1.87 (vols. a, b)",A2,International Astronautical Congress (15º. 1964. Warszawa),Proceedings... Vol. I: Problems of manned lunar exploration. Vol. V: Education in astronautics,Warszawa : PWN - Polish Scientific Publishers,1965,Astronáutica - Congresos; Luna - Exploración
1.88,A2,"Burchett, W.",Vuelos espaciales rusos: Gagarin y Titov,Barcelona : Ed. Vicens Vives,1965,Investigación espacial
1.89,A2,"Tocquet, R.",L'astronomie moderne,Paris : Les Productions de Paris,1965,Astronomía
1.90,A2,"Simoes da Silva, A. V. C.",Sobre o aperfeiçoamento de órbitas de binários visuais de estrelas,Coimbra,1966,Estrellas-órbitas binarias
1.91,A2,"Iglesias de Ussel, Julio",Sociología de una profesión : los astrónomos en España,"Granada : Facultad de Ciencias Políticas y Sociología, Universidad de Granada",1996,Astrónomos - España; Sociología de la ciencia
1.93,A2,Colloquium on the Scientific Aspects of the Hipparcos Input Catalogue Preparation (2º. 1988. Sitges),"Hipparcos: Scientific aspects of the input catalogue preparation II : Proceedings of a Colloquium held at Sitges, Catalonia, Spain, from 25 to 29 January 1988","[Barcelona] : Comissió Interdepartamental de Recerca i Innovació Tecnològica, Generalitat de Catalunya",1988,Astrometría - Congresos; Satélites artificiales en astronomía; Hipparcos (satélite)
1.95,A2,"Vyazanitsyn, V. P. [et al.]",Physics of the solar system. A course in Astrophysics and stellar Astronomy. Vol. 3,Jerusalem : Israel Program for Scientific Translations,1966,Sistema solar
1.96,A2,"Koval, I. K. (ed.)",Physics of the moon and the planets,Kiev ; Jerusalem : Naukova Dumka ; Israel Program for Scientific Translations,1964,Luna-física; Planetas-física
1.100,A2,"Delcroix, J. L.",Physique des Plasmas. Vol. I,Paris : Dunod,1963,Plasmas
1.101,A2,"Delcroix, J. L.",Physique des Plasmas. Vol. 2,Paris : Dunod,1966,Plasmas
1.103,A2,"MacGowan, R. A.",Intelligence in the Universe,"Englewood, N.J. : Prentice Hall Inc.",1966,Universo; Vida en otros planetas
1.104,A2,"International Meeting on Time Determination, Dissemination and Synchronization (2ª. 1974. Cagliari)","Proceedings of the second Cagliari international meeting on Time determination, dissemination and synchronization","[Cagliari, Italy] : 3T Edizioni anastatiche",1975,Tiempo - Determinación; Tiempo - Congresos
1.105,A2,"Menzel, D. H.","A field guide to the stars and planets including the moon, satellites, comets, and other features of the universe",London [etc.] : Collins Sons & Co. Ltd.,1966,Estrellas; Sistema solar
1.106,A2,"Cade, C. M.",Other worlds than ours: the problem of life in the universe,London : Museum Press,1966,Vida en otros planetas-pluralidad de mundos
1.107,A2,"Shklovskii, I. S.",Intelligent life in the universe,"San Francisco [etc.] : Holden-Day, Inc.",1966,Vida en otros planetas
1.108,A2,"Middlehurst, Barbara M. ; Kuiper, Gerard P. (eds.)","The moon, meteorites and comets",Chicago ; London : The University of Chicago Press,1963,Luna; Meteoritos; Cometas; Sistema solar
1.109,A2,"Kuiper, Gerard P. (ed.)",The Sun,Chicago ; London : The University of Chicago Press,1953,Sol; Sistema solar
1.110,A2,"Kuiper, Gerard P. (ed.)",The Earth as a planet,Chicago ; London : The University of Chicago Press,1954,Tierra; Sistema solar
1.111,A3,"Kuiper, Gerard P. ; Middlehurst, Barbara M. (eds.)",Planets and satellites,[Chicago] : The University of Chicago Press,1961,Planetas; Satélites naturales; Sistema solar
1.112,A3,Osservatorio Astronomico di Brera-Milano,"Atti del colloquio sui problemi della determinazione, conservazione e sincronizzazione del tempo : tenuto a Milano il 23-24 Aprile 1968 = Proceedings of the colloquium on the problems of the time determination, keeping and synchronization : Milan, April 23-24, 1968",Pavia : Industrie Lito-Tipografiche Mario Ponzio S.p.A.,1968,Tiempo - Determinación; Tiempo - Congresos
1.113,A3,Colloque les nouvelles méthodes de la dynamique stellaire (1966. Besançon),Colloque les nouvelles méthodes de la Dynamique Stellaire. Colloque de Besançon. 21-24 Septembre 1966,Centre National de la Recherche Scientifique,1967,Dinámica estelar - Congresos; Mecánica celeste
1.114,A3,Astrophysikalisches Institut und Universitätssternwarte (Jena),Astronomie und Astrophysik in Jena : Lehre und Forschung heute,[Jena] : [Arbeitsgruppe],1994,Astronomía - Alemania; Observatorios astronómicos
1.115,A3,"Cernicharo, J. ; Gómez-González, J. (eds.)",The 40-m radiotelescope for the Centro Astronomico de Yebes : Workshop held at Madrid on February 4th 1992,[Madrid] : [MOPT : Instituto Geográfico Nacional [etc.]],1992,Radioastronomía - Congresos; Telescopios
1.121,A3,"Karttunen, Hannu ; Piirola, Vilppu (eds.)","Astrophysics with the NOT : Proceedings of the conference held in Turku in August 12-15, 1998",[Turku] : University of Turku,1999,Astrofísica - Congresos; Telescopios
1.122,A3,"Orús Navarro, J. J. de",Apuntes de astronomía,"Barcelona : Universidad de Barcelona, Facultad de Ciencias",1965,Astronomía - Manuales
1.123,A3,Nautical Almanac Office. Symposium (Sesquicentennial. 1999. Washington),"Proceedings : Nautical Almanac Office Sesquicentennial Symposium, U.S. Naval Observatory, March 3-4, 1999","Washington, D.C. : U.S. Naval Observatory",1999,Efemérides astronómicas - Congresos; Observatorios astronómicos
1.126,A3,"López Arroyo, M.",Las manchas del sol. Separata del anuario del Observatorio Astronómico de Madrid para 1969,Madrid,1968,Manchas solares
"1.128 (vols. (1), (2), (3), (4), (5), (6), (7))",A3,"Turon, Catherine [et al.]",Hipparcos input catalogue. Vol. 1: 0h-3h: 1-18677. Vol. 2: 4h-8h; HIC 18601-44180. Vol. 3: 9h-13h; HIC 44101-68389. Vol. 4: 14h-18h; HIC 68301-93276. Vol. 5: 19h-23h; HIC 93201-118322. Vol. 6: Annex 1 Double and multiple stars. Vol. 7: Annexes 2-4 Identification charts,"[Estec, Noordwijk, Holanda] : European Space Agency : Imput Catalog Consortium",1992,Estrellas - Catálogos; Astrometría; Hipparcos (satélite)
1.130,A3,"Feinstein, Alejandro",Astronomía elemental,Buenos Aires : Kapelusz,1968,Astronomía
"1.131 (vols. a, b)",A3,"Lur'e, L.",Mécanique analytique. Tome I: Cinématique et déplacement. Equation de Lagrange et d'Euler-Lagrange. Tome II: Mouvement relatif et theorie des perturbations. Equations canoniques et principles variationnels,Paris : Masson et Cie.,1968,Mecánica analítica
1.135,A3,Osservatorio Astronomico di Brera-Milano,"Atti del colloquio sui problemi della determinazione, conservazione e sincronizzazione del tempo = Proceedings of the colloquium on the problems of the time determination, keeping and synchronization. Milan, April 23-24, 1968",Pavia,1968,Tiempo-determinación
1.136,A3,Simposio de Historia de la Astronomía en México (1982. Ensenada),"Simposio de Historia de la Astronomía en México : Ensenada, Baja California, México, abril 12-14, 1982","[México] : Instituto de Astronomía, UNAM ; Instituto de Investigaciones Históricas, UNAM",1983,Astronomía - Historia - México; Astronomía - Congresos
1.137,A3,Observatorio del Teide,Guía del usuario del telescopio Carlos Sánchez (TCS) y fotómetro-espectrofotómetro CVF. Primera parte. Primera versión,[Tenerife] : [Instituto Astrofísico de Canarias],1990,Telescopios - Manuales; Fotometría astronómica; Observatorios astronómicos
1.138,A3,"Delambre, Jean-Baptiste Joseph",Histoire de l'astronomie ancienne. Tome second,New York and London : Johnson Reprint Corporation,1965,Astronomía - Historia
1.143,A3,"Sancho Rof, J.",Introducción al estudio de la estructura de la materia y a la teoría electromagnética de la luz,"Madrid : Universidad de Madrid, Facultad de Ciencias",1969,Materia-estructura; Teoría electromagnética de la luz
1.146,A3,"Morize, Henrique",Observatório astronômico : um século de história (1827-1927),[Rio de Janeiro] : Museu de Astronomia e Ciências Afins ; [Salamandra],1987,Observatorios astronómicos - Brasil - Historia
1.154,A3,"Kahan, Théo",Las partículas elementales (Física de las altas energías),"Barcelona : Oikos-Tau, S.A.",1969,Partículas elementales
1.155,A3,"Vorontosov-Vel'yaminov, B. A.",Astronomical Problems: an introductory course in astronomy,Oxford [etc.] : Pergamon Press,1969,Astronomía-Problemas
1.159,A3,"Sobolev, V. V.",Course in theoretical astrophisycs,S. L. : National Aeronautics and Space Administration,1969,Astrofísica teórica
1.163,A3,"Meseguer Ruiz, José",El satélite UPM-Sat 1,[Barcelona] : Real Academia de Ingeniería,1998,Satélites artificiales
1.168,A3,"Spitzer, Lyman, Jr.",Searching between the stars,New Haven [etc.] : Yale University Press,1982,Materia interestelar; Astronáutica en Astronomía
1.170,A3,Colloques Nationaux du Centre National de la Recherche Scientifique,Physique Fundamentale et Astrophysique. Nice 23-26 avril 1969,Paris : éditions du Centre National de la Recherche Scientifique,1970,Física; Astrofísica
1.171,A3,"Turnill, R.",The language of space: A Dictionary of astronautics,London : Cassell & Co. Ltd.,1970,Astronáutica-diccionarios
1.172,A3,"Kourganoff, V.",Instroduction á la Physique des Intérieurs Stellaires,Paris : Dunod,1970,Estrellas-interior
1.176,A3,"Kuiper, Gerard P. ; Middlehurst, Barbara M. (eds.)",Telescopes,Chicago & London : The University of Chicago Press,1960,Telescopios
1.177,A3,"Hiltner, W. A. (ed.)",Astronomical techniques,Chicago and London : The University of Chicago Press,1962,Astronomía - Técnicas; Astronomía - Instrumentos
1.178,A3,"Strand, K. Aa. (ed.)",Basic astronomical data,Chicago and London : The University of Chicago Press,1963,Astronomía - Datos; Astronomía - Constantes fundamentales
1.179,A3,"Blaauw, Adriaan ; Schmidt, Maarten (eds.)",Galactic structure,Chicago & London : The University of Chicago Press,1965,Sistema galáctico; Galaxias - Estructura
1.180,A3,"Greenstein, Jesse L. (ed.)",Stellar atmospheres,Chicago and London : The University of Chicago Press,1960,Estrellas - Atmósfera
1.181,B1,"Middlehurst, Barbara M. ; Aller, Lawrence H. (eds.)","Stars and stellar systems : compendium of astronomy and astrophysics. VII, Nebulae and interstellar matter",Chicago : The University of Chicago Press,1968,Nebulosas; Materia interestelar
1.182,B1,"Aller, Lawrence H. ; McLaughlin, Dean B. (eds.)","Stars and stellar systems : compendium of astronomy and astrophysics. VIII, Stellar structure",Chicago : The University of Chicago Press,1965,Estrellas - Estructura
1.184,B1,"Leonardi, Piero",On the origin of the lunar craters,Ferrara (Italy) : Università di Ferrara,1967,Luna-cráteres
"1.185 (vols. a, b, c)",B1,"Ingalls, Albert G. (ed.)",Amateur telescope making. 4th ed.,New York : Scientific American Inc.,1970,Telescopios-construcción
1.188,B1,"Murray, Carl D.",Solar system dynamics,Cambridge : Cambridge University Press,1999,Mecánica celeste; Sistema solar
1.196,B1,Conference on Astrometry and Celestial Mechanics (1993. Poznań),"Dynamics and astrometry of natural and artificial celestial bodies : Proceedings of the conference on astrometry and celestial mechanics held in Poznan, Poland, September 13-17, 1993","Poznan, Poland : Astronomical Observatory of A. Mickiewicz University",1994,Mecánica celeste - Congresos; Astrometría - Congresos; Satélites artificiales
1.210,B1,"Vetešník, M.",Studies on the light changes of semiregular red variable stars,[Brno] : [Univerzita J. E. Purkyně],1987,Estrellas variables
1.216,B1,"ESLAB/ESRIN Symposium (5º. 1971. Noordwijk, Holanda)",Infrared detection techniques for space research,Dordrecht : D. Reidel Publishing Co.,1972,Astronomía-infrarrojos
1.223,B1,International Space Science Symposium (1º. 1960. Nice),"Space research : proceedings of the first International Space Science Symposium, Nice, January 11-16, 1960",Amsterdam : North-Holland Publishing Company ; Interscience Publishers,1960,Investigación espacial - Congresos
1.224,B1,International Space Science Symposium (2º. 1961. Florence),"Space research II : proceedings of the second International Space Science Symposium, Florence, April 10-14, 1961",Amsterdam : North-Holland Publishing Company,1961,Investigación espacial - Congresos
1.225,B1,"International Space Science Symposium (3º. 1962. Washington, D.C.)","Space research III : proceedings of the third International Space Science Symposium, Washington, D.C., May 2-8, 1962",Amsterdam : North-Holland Publishing Company,1963,Investigación espacial - Congresos
1.226,B1,International Space Science Symposium (4º. 1963. Warsaw),"Space research IV : proceedings of the fourth International Space Science Symposium, Warsaw, June 4-10, 1963",Amsterdam : North-Holland Publishing Company,1964,Investigación espacial - Congresos
1.227,B1,International Space Science Symposium (5º. 1964. Florence),"Space research V : proceedings of the fifth International Space Science Symposium, Florence, May 12-16, 1964",Amsterdam : North-Holland Publishing Company,1965,Investigación espacial - Congresos
1.228,B1,International Space Science Symposium (6º. 1965. Mar del Plata),"Space research VI : proceedings of the sixth International Space Science Symposium, Mar del Plata, May 11-19, 1965","Washington ; London : Spartan Books ; Macmillan and Co., Ltd.",1966,Investigación espacial - Congresos
1.229,B1,International Space Science Symposium (7º. 1966. Vienna),"Space research VII : proceedings of the seventh International Space Science Symposium, Vienna, 10-18 May 1966. Volume 1",Amsterdam : North-Holland Publishing Company,1967,Investigación espacial - Congresos
1.230,B1,International Space Science Symposium (7º. 1966. Vienna),"Space research VII : proceedings of the seventh International Space Science Symposium, Vienna, 10-18 May 1966. Volume 2",Amsterdam : North-Holland Publishing Company,1967,Investigación espacial - Congresos
1.252,B2,"De Castro y de Castro, Angel",Fotometría astronómica,[S.l.] : [s.n.],1972,Fotometría astronómica
1.253,B2,"De Castro y de Castro, Angel",Fotometría astronómica,[S.l.] : [s.n.],1972,Fotometría astronómica
1.261,B2,"Ebbighausen, E. G.",Astronomía,"Barcelona : Labor, S.A.",1974,Astronomía
1.262,B2,"Eichhorn, H.","Astronomy of star positions: A critical investigation of star catalogues, the methods of their construction and their purpose",New York : Frederik Ungar Publishing Co.,1974,Estrellas - posición
1.264,B2,"Galilei, Galileo",Diálogo sobre los sistemas máximos : Jornada segunda,"Buenos Aires : Aguilar Argentina, S.A. de Ediciones",1975,Tierra-rotación-historia
1.265,B2,"Baschek, B. (ed.)",Problems in stellar atmospheres and envelopes,Berlin [etc.] : Springer Verlag,1975,Estrellas-atmósfera
1.277,B2,"Asimov, Isaac",Historia del telescopio,Madrid : Alianza Editorial,1986,Telescopios - Historia
1.279,B2,"Becq, G.",La determination des orbites elliptiques,Bruxelles : Academie Royale de Belgica,1948,Mecánica celeste; Estrellas - órbitas - tablas
1.283,B2,"Segal, I. E.",Mathematical cosmology and extragalactic astronomy,New York [etc.] : Academic Press,1976,Cosmología - matemáticas; Sistemas extragalácticos
1.290,B2,"Hopkins, J.",Glossary of astronomy and astrophysics,Chicago [etc.] : The University of Chicago Press,1976,Astronomía - glosario; Astrofísica - glosario
1.294,B2,"Alfvén, H.",Evolution of the solar system,Washington : NASA,1976,Sistema solar-evolución
1.302,B2,"Roy, A. E.",Astronomy: Structure of the Universe,Bristol : Adam Hilger Ltd.,1977,Universo
1.303,B2,"Brown, R. A.",Report of the HST [Hubble Space Telescope] strategy panel : strategy for recovery : the results of a special study August-October 1990,Baltimore : Space Telescope Science Institute,1991,Telescopio Espacial Hubble
1.306,B2,"Brown, Robert A.",The future of space imaging : Report of a community-based study of an advanced camera for the Hubble Space Telescope,Baltimore : Space Telescope Science Institute,1993,Telescopio Espacial Hubble; Astronomía - Instrumentos
1.308,B2,"Thompson, A. Richard",Interferometry and synthesis in radio astronomy,New York : John Wiley and Sons,1986,Radioastronomía; Interferometría
1.309,B2,"Van der Hucht, K. A.","New instrumentation for space astronomy: Proceedings of a Symposium of the 20th Plenary Meeting of COSPAR, Tel Aviv, Israel, 7-18 June 1977",Oxford [etc.] : Pergamon Press,1978,Astronomía espacial - instrumentos
1.311,B2,"Johnson, Harold L.","Recent advances in observational astronomy : Symposium Recent Advances in Observational Astronomy, Ensenada, Baja California, Septiembre 18 y 19, 1979",México : Universidad Nacional Autónoma de México,1981,Astronomía - técnicas de observación
1.312,B2,"Bergvall, Nils","The NOT in the 2000's. Proceedings of the workshop held on La Palma in April 12-15, 2000",[Piikkiö (Finland)] : University of Turku [Tuorla Observatory],2000,Telescopios - Congresos; Astrofísica - Congresos
1.328,B2,Instituto de Astrofísica de Andalucía (C.S.I.C.),"Primer encuentro de Astrónomos Iberoamericanos. Granada 6, 7 y 8 de Agosto de 1982",Granada : I.A.A.,1985,Astronomía - resumen
1.330,B2,"Delcourt, J. J.",Astronomie et mesure du temps,Paris [etc.] : Masson,1982,Tiempo-medida
1.333,B2,"King-Hele, D. G.",The EARTH table of Earth Satellites 1957-1982. 2nd. ed.,London : Macmillan,1983,Satélites artificiales-Tablas
1.339,B2,Observatoire de Strasbourg,Comptes rendus sur les journées de Strasbourg. 5ème réunion : Les étoiles binaires dans le diagramme H.R. (20 janvier 1983),Strasbourg : Observatoire de Strasbourg,1983,Estrellas binarias
1.341,B2,"Herrmann, J.",Atlas de astronomía,Madrid : Alianza Editorial,1984,Astronomía - atlas
1.345,B2,"Roth, G. D.",Pequeña guía de las estrellas y constelaciones : Cómo reconocer las constelaciones más importantes de los Hemisferios Norte y Sur,"Barcelona : Omega, S.A.",1985,Estrellas; Constelaciones
1.346,B2,"Aller, R. M.",Introducción a la astronomía,Santiago [de Compostela] : Secretariado de Publicaciones de la Universidad de Santiago,1985,Astronomía - Manuales
1.354,B2,"Thorne, Kip S. (ed.)",Black holes : the membrane paradigm,New Haven [etc.] : Yale University Press,1986,Agujeros negros
1.355,B2,"Narlikar, J.",Fenómenos violentos en el universo,Madrid : Alianza,1987,Astrofísica
1.356,B2,"Collados Vera, Manuel",Lecciones de física solar,[Santa Cruz de Tenerife] : Instituto de Astrofísica de Canarias,1987,Física solar
1.357,B2,"Collados Vera, Manuel",Lecciones de física solar,[Santa Cruz de Tenerife] : Instituto de Astrofísica de Canarias,1987,Física solar
1.358,B2,"Laustsen, Svend",Exploring the southern sky : a pictorial atlas from the European Southern Observatory (ESO),Berlin ; Heidelberg ; New York ; London ; Paris ; Tokyo : Springer-Verlag,1987,Cielo - Atlas; Astronomía - Fotografía
1.359,B2,"Mackay, R. S.",Hamiltonian dynamical systems: a reprint selection,Bristol [etc.] : Adam Hilger,1987,Análisis de sistemas
1.361,B2,"Bakulin, P. I.",Curso de Astronomía General,Moscú : MIR,1987,Astronomía
1.363,B2,"Room, A.",Dictionary of astronomical names,London [etc.] : Routledge,1988,Astronomía - diccionarios
1.364,B2,"Hawking, S. W.",A brief history of time : from the big bang to black holes,London [etc.] : Bantam Press,1988,Espacio y tiempo; Universo; Agujeros negros
1.370,B2,"Jaschek, C.","Coordination of observational projects in astronomy: Proceedings of an international conference held in Strasbourg, november 23-26, 1987",Cambridge [etc.] : Cambridge University Press,1988,Astronomía - proyectos de investigación
1.371,B2,"Aller Ulloa, Ramón María",Las publicaciones científicas del Dr. D. Ramón María Aller Ulloa,"Santiago de Compostela : Universidade, Servicio de Publicacions e Intercambio Científico",1991,"Aller Ulloa, Ramón María; Astronomía - Bibliografía"
1.372,B2,Universitat de València. Observatorio Astronómico,"First Spain-USSR Workshop on positional astronomy and celestial mechanics. Proceedings of the workshop held at Valencia, Spain March, 11-15, 1991",Valencia : Universitat y Observatorio Astronómico,1991,Astronomía de posición; Mecánica celeste
1.375,B2,"Acker, Agnès",Astronomie : introduction,Paris ; Milan ; Barcelone ; Bonn : Masson,1992,Astronomía - Manuales
1.382,B2,"Oster, L.",Astronomía moderna,"Barcelona [etc.] : Ed. Reverté, S.A.",1978,Astronomía
1.385,B2,"Fredrick, Laurence W.",Astronomy. 10th ed.,New York [etc.] : D. Van Nostrand Company,1976,Astronomía - Manuales
1.386,B2,"Culver, R. B.",An introduction to experimental astronomy,San Francisco : W. H. Freeman and Company,1974,Astronomía
1.392,B2,"Morando, B.",Mouvement d'un satellite artificiel de la Terre,Paris [etc.] : Gordon et Breach,1974,Satélites artificiales
1.394,B2,"Woolard, E. W.",Spherical astronomy,New York [etc.] : Academic Press,1966,Astronomía esférica
1.396,B3,"Dagaev, M.",Astronomie,Moscou : Éditions Mir,1986,Astronomía - Manuales
1.397,B3,"Landau, L. D. (Lev Davidovich) (1908-1968)",Mecánica de fluidos,Barcelona ; Bogotá ; Buenos Aires ; Caracas ; México : Editorial Reverté,1986,Mecánica de fluidos; Física teórica
1.403,B3,International Meeting on Problems of Astrometry and Celestial Mechanics (1961. La Plata),Problems of Astrometry and Celestial Mechanics. Proceedings of the International Meeting on ...,"República de Argentina : Astronomical Observatory, National University of La Plata",1961,Astrometría - congresos; Mecánica celeste - congresos
1.405,B3,"White, R. L.","Restoration of HST (Hubble Space Telescope) images and espectra. Proceedings of a workshop held at the Space Telescope Science Institute, Baltimore, Maryland 20-21 august 1990",Baltimore : NASA,1990,Telescopios - congresos; Fotometría - congresos; Óptica - congresos
1.406,B3,"Hanisch, R. J.","The Restoration of HST (Hubble Space Telescope) images and Spectra II. Proceedings of a workshop held at The Space Telescope Science Institute, Baltimore, Maryland 18-19 November 1993",Baltimore : NASA,1993,Telescopios - congresos; Fotometría - congresos; Óptica - congresos
1.408,B3,Space Telescope Science Institute. Meeting (1991. Baltimore),"The first year of HST (Hubble Space Telescope) observations. Proceedings of a workshop held at the Space Telescope Science Institute Baltimore, Maryland 14-16 may, 1991",Baltimore : Space Telescope Science Institute,1991,Telescopios - congresos
1.410,B3,"Blaauw, Adriaan",History of the IAU : the birth and first half-century of the International Astronomical Union,"Dordrecht, etc. : Kluwer academic publishers",1994,Astronomía-historia
1.413,B3,"Collados Vera, Manuel",Lecciones de física solar,[Santa Cruz de Tenerife] : Instituto de Astrofísica de Canarias (I.A.C.),1987,Física solar; Sol
1.414,B3,"Kovalevsky, Jean",Modern astrometry. Second edition,[Berlin ; New York] : Springer,2002,Astrometría
1.415,B3,"Levy, David H.",Guía celeste de David Levy,[Madrid] : Cambridge University Press,2003,Astronomía - Observaciones; Cielo - Atlas
1.416,B3,"Chong, S. M.",Atlas fotográfico de la Luna,[Madrid] : Cambridge University Press,2003,Luna - Atlas
1.417,B3,"Gómez de Castro, A. I. (ed.)",Magnetic fields and star formation : theory versus observations,Dordrecht ; Boston ; London : Kluwer Academic Publishers,2004,Estrellas - Formación; Campos magnéticos
1.418,B3,"Morphet, Clive",Galileo and Copernican astronomy : a scientific world view defined,London ; Boston [etc.] : Butterworths,1977,"Galilei, Galileo; Astronomía - Historia"
1.419,B3,"Papp, Desiderio",Historia de la física : desde la antigüedad hasta los umbrales del siglo XX. Apéndice con una selección de textos clásicos. Segunda edición ampliada y revisada,"Madrid : Espasa-Calpe, S. A.",1961,Física - Historia
1.421,B3,"Villar Martín, Montserrat",Año Internacional de la Astronomía en España : el Universo para que lo descubras : informe final,"[S.l.] : [Nodo español para el Año Internacional de la Astronomía, Instituto de Astrofísica de Andalucía]",2010,Astronomía - Divulgación; Astronomía - España
1.424,B3,"Sterken, C. ; Jaschek, C. (eds.)",Light curves of variable stars : a pictorial atlas,[Cambridge] : Cambridge University Press,1996,Estrellas variables - Atlas
1.425,B3,"Padmanabhan, T.",Cosmology and astrophysics through problems,[Cambridge ; New York] : Cambridge University Press,1996,Cosmología - Problemas; Astrofísica - Problemas
1.426,B3,"Brush, Stephen G.",Transmuted past : the age of the Earth and the evolution of the elements from Lyell to Patterson,[Cambridge] : Cambridge University Press,1996,Tierra - Edad; Elementos químicos - Origen; Ciencias planetarias - Historia
1.427,B3,"Brush, Stephen G.",Fruitful encounters : the origin of the Solar System and of the Moon from Chamberlin to Apollo,[Cambridge] : Cambridge University Press,1996,Sistema solar - Origen; Luna - Origen; Ciencias planetarias - Historia
1.428,B3,"Brush, Stephen G.",Nebulous Earth : the origin of the Solar System and the core of the Earth from Laplace to Jeffreys,[Cambridge] : Cambridge University Press,1996,Sistema solar - Origen; Tierra - Núcleo; Ciencias planetarias - Historia
1.430,B3,"Bianchini, Francesco",Observations concerning the planet Venus,[Berlin ; London] : Springer,1996,Venus (planeta); Astronomía - Historia
1.431,B3,"Carroll, Bradley W.",An introduction to modern astrophysics,"Reading, Massachusetts : Addison-Wesley Publishing Company, Inc.",1996,Astrofísica - Manuales
1.432,B3,Herstmonceux Conference (36ª. 1995. Cambridge),"Gravitational dynamics : proceedings of the 36th Herstmonceux Conference in honour of Professor D. Lynden-Bell's 60th birthday held in Cambridge, U.K., August 7-11, 1995",[Cambridge] : Cambridge University Press,1996,Dinámica estelar - Congresos; Galaxias - Dinámica
1.434,B3,"Grant, Edward","Planets, stars, and orbs : the medieval cosmos, 1200-1687",[Cambridge] : Cambridge University Press,1994,Cosmología - Historia; Astronomía - Historia
1.435,B3,"Pauluhn, Anuschka (ed.)",The radiometric calibration of SOHO,Bern : International Space Science Institute,2002,Sol - Observaciones; Instrumentos espaciales - Calibración
1.436,B3,Jornadas Científicas 250 Años de Astronomía en España (2003),Jornadas Científicas 250 años de Astronomía en España,[San Fernando] : Centro de Ayudas a la Enseñanza de la Armada,2003,Astronomía - España - Historia; Astronomía - Congresos
1.437,B3,"Gómez de Castro, Ana I. ; Verdugo, Eva (eds.)",El proyecto Observatorio Espacial Mundial Ultravioleta - España = The World Space Observatory Ultraviolet (WSO/UV) project - Spain,[Madrid] : Editorial Complutense,2005,Astronomía ultravioleta; Observatorios espaciales
1.438,B3,"Gómez de Castro, Ana I. ; Wamsteker, Willem (eds.)",Fundamental questions in astrophysics : guidelines for future UV observatories,[Dordrecht] : Springer,2006,Astrofísica; Astronomía ultravioleta; Observatorios espaciales
2.44,C1,"Bruins, G. J. (ed.)","Standard base ""Loenermark"" : report on the results of the measurements performed by T. J. Kukkamäki and T. Honkasalo of the Finnish Geodetic Institute",Delft : Rijkscommissie voor Geodesie,1964,Bases geodésicas - Medición; Distanciometría electrónica
2.58,C1,"Domínguez García-Tejero, Francisco",Topografía general y aplicada. Quinta edición,Madrid : Editorial Dossat,1968,Topografía
2.59,C1,"Miguel, Luis de",Geomagnetismo,Madrid : Instituto Geográfico Nacional,1974,Geomagnetismo
2.60,C1,"Miguel, Luis de",Geomagnetismo,Madrid : Instituto Geográfico Nacional,1974,Geomagnetismo
2.61,C1,Instituto Geográfico. Servicio de Nivelaciones de Precisión,Catálogo de las altitudes de las señales metálicas de la red,Madrid : Talleres del Instituto Geográfico,1925,Nivelación - España; Redes geodésicas - España
2.64,C1,Conference on Refraction Effects in Geodesy ; Conference on Electronic Distance Measurement (1968. Sydney),"Conference on Refraction Effects in Geodesy ; Conference on Electronic Distance Measurement : REF EDM Conference, 5-8 November 1968","Kensington, N.S.W. : Department of Surveying, The University of New South Wales",1968,Refracción atmosférica - Congresos; Distanciometría electrónica - Congresos; Geodesia - Congresos
2.65,C1,"Inglada Ors, Vicente","La sismología : sus métodos, el estado actual de sus problemas fundamentales",Madrid : Talleres del Instituto Geográfico,1923,Sismología
2.67,C1,"Kovalevsky, Jean ; Veis, George (eds.)","Reduction of satellite photographic plates : proceedings of a colloquium held in Prague, 22-27 April, 1968",,1968,Geodesia por satélite - Congresos; Satélites artificiales - Observaciones; Fotografía astronómica
2.68,C1,"Ewing, Clair E.",Introduction to geodesy,"New York : American Elsevier Publishing Company, Inc.",1970,Geodesia - Manuales
2.69,C1,"Inglada, Vicente",El interior de la tierra según resulta de las recientes investigaciones sismométricas,Madrid : Talleres del Instituto Geográfico y Estadístico,1919,Tierra - Estructura interna; Sismología
2.70,C1,"Sanz, Carlos",Ciento noventa mapas antiguos del mundo de los siglos I al XVIII que forman parte del proceso cartográfico universal,Madrid : [Real Sociedad Geográfica],1970,Mapas antiguos; Cartografía - Historia
2.71,C1,"Searle, S. R.",Linear models,New York [etc.] : John Wiley & Sons,,Modelos lineales; Estadística
2.72,C1,Symposium on Coastal Geodesy (1970. München),Report on the Symposium on Coastal Geodesy held in Munich 20th-24th July 1970 = Rapport sur le Symposium de Géodésie Côtière tenu à Munich 20-24 juillet 1970,"Munich : Institute for Astronomical and Physical Geodesy, Technical University Munich",1970,Geodesia marina - Congresos
2.75,C1,Coloquio sobre Toponimia Cartográfica (1969. Madrid),Coloquio sobre toponimia cartográfica : celebrado en Madrid los días 21 al 23 de mayo de 1969,Madrid : Asociacion Española para el Progreso de las Ciencias,1972,Toponimia; Cartografía - Congresos
2.76,C1,Coloquio sobre Toponimia Cartográfica (1969. Madrid),Coloquio sobre toponimia cartográfica : celebrado en Madrid los días 21 al 23 de mayo de 1969,Madrid : Asociacion Española para el Progreso de las Ciencias,1972,Toponimia; Cartografía - Congresos
2.83,C1,"Rey Pastor, A.","El periodo sísmico de ""La Canal de Berdún"" (Pirineos) 1923-1925",Toledo : Imprenta y Encuadernación de Justo Torres,1931,Sismología - España; Terremotos - Pirineos
2.84,C1,Instituto Geográfico. Servicio Sismológico,Las informaciones macrosísmicas : folleto de vulgarización para que sirva de guía a los observadores de temblores de tierra e instrucciones para contestar a los cuestionarios,Madrid : Talleres del Instituto Geográfico,1923,Sismología; Terremotos - Observaciones
2.85,C1,"Cubillo Fluiters, José","Carta nacional de declinaciones magnéticas : hoja especial del territorio peninsular, escala 1:1.500.000. Texto",[Madrid] : Instituto Geográfico y Catastral,,Geomagnetismo - España; Declinación magnética - Mapas
2.86,C1,"Cubillo Fluiters, José","Carta nacional de declinaciones magnéticas : hoja especial del territorio peninsular, escala 1:1.500.000. Láminas",[Madrid] : Instituto Geográfico y Catastral,,Geomagnetismo - España; Declinación magnética - Mapas
2.87,C1,"Chueca Martínez, Manuel",Medida de bases geodésicas y topográficas con equipos de hilos invar,Madrid : Talleres del Instituto Geográfico y Catastral,1931,Bases geodésicas - Medición; Topografía
2.88,C1,"Barraquer, Joaquín",Memoria sobre la compensación general de los errores en la red geodésica de España,"Madrid : Imprenta, Estereotipia y Galvanoplastia de Aribau y Cª (sucesores de Rivadeneyra)",1874,Redes geodésicas - España; Mínimos cuadrados
"2.89 (vols. a, b, c)",C1,"Brosowski, Bruno ; Martensen, Erich (eds.)","Mathematical geodesy. Part I (a), Part II (b), Part III (c)","Mannheim ; Wien ; Zürich : Bibliographisches Institut, B.I.-Wissenschaftsverlag",,Geodesia matemática
2.92,C1,"Sans Huelin, Guillermo",Pruebas realizadas y ensayos con el gravímetro electro-mecánico Askania n.º 25,Madrid : Talleres del Instituto Geográfico y Catastral,1943,Gravímetros; Gravimetría
2.95,C1,"Anderson, Edward G.",The effect of topography on solutions of stokes'problem,Kensington [Australia] : School of Surveying. The University of New South Wales,1976,Geodesia física; Problema de Stokes
2.97,C1,Comisión Española del Proyecto Geodinámico,Perfiles sísmicos profundos en España (1974-1975),Madrid : Instituto Geográfico y Catastral,1977,Sismología - España; Corteza terrestre - España; Geodinámica
2.98,C1,"Rey Pastor, Alfonso",Estudio sismotectónico de la región sureste de España,Madrid : Talleres del Instituto Geográfico y Catastral,1951,Sismotectónica - España
2.104 (vols. a),C1,"Olliver, J.G.",Principles of surveying. [4th ed.],New York [etc.] : Van Nostrand Reinhold Company,1978,Topografía - Manuales
2.111,C1,"Ghosh, Sanjib K.",Analytical photogrammetry,New York [etc.] : Pergamon Press,,Fotogrametría analítica
"2.113 (vols. a, c)",C1,"Araña, Vicente","Los volcanes de las islas Canarias = Canarian volcanoes. I, Tenerife ; III, Gran Canaria",Madrid : Rueda,1978,Volcanes - Canarias; Volcanología
2.114,C1,"Udías Vallina, Agustín",Física de la tierra,Madrid : Alhambra,1981,Geofísica - Manuales
2.116,C1,"Rodríguez Rodríguez, Guillermo",Influencias indirectas de la luna,Isla de la Palma : Los Llanos de Aridane,1980,Luna - Influencias; Nubes de Kordylewski; Viento solar; Relaciones Sol-Tierra
2.119,C1,"Huber, Peter J.",Robust statistics,New York [etc.] : John Wiley and Sons,1981,Estadística robusta
2.121,C1,"López Arroyo, A.",Crustal dynamics and earthquake research : As part of coordinated proposal prepared by the working group of the european geo-scientists for the establishment of networks for earthquake research,Frankfurt am Main ; [Madrid] : NASA ; Instituto Geográfico Nacional,1981,Geodinámica; Terremotos; Corteza terrestre
2.123,C1,"Patterson, R. C.",Approximation and statistical methods in physical geodesy,Kensington : School of Surveying,1982,Geodesia física; Estadística; Aproximación (matemáticas)
2.129,C1,"Larden, D. R.",Monitoring the earth's rotation by lunar láser ranging,Kensington : School of Surveying,1982,Tierra - Rotación; Láser lunar
2.131,C1,"Rüeger, J. M.",Introduction to electronic distance measurement,Sydney : School of Surveying,1984,Distanciometría electrónica
2.135,C1,"Moritz, Helmut","Cursillos de Geodesia Superior : Madrid, del 8 al 19 de mayo de 1984",Madrid : Instituto de Astronomía y Geodesia (IAG); Instituto Geográfico Nacional (IGN),1984,Geodesia física; Geodesia - Cursos
2.136,C1,"Moritz, Helmut","Cursillos de Geodesia Superior : Madrid, del 8 al 19 de mayo de 1984",Madrid : Instituto de Astronomía y Geodesia (IAG); Instituto Geográfico Nacional (IGN),1984,Geodesia física; Geodesia - Cursos
2.140,C1,"Brunner, F. K. (ed.)",Geodetic refraction : effects of electromagnetic wave propagation through the atmosphere,Berlin [etc.] : Springer-Verlag,1984,Refracción atmosférica; Geodesia
2.143,C1,"Ortiz, Ramón (ed.)",Riesgo volcánico,"[Lanzarote] : Servicio de Publicaciones, Excmo. Cabildo de Lanzarote",1996,Riesgo volcánico; Volcanología
2.144,C1,"Levallois, Jean-Jacques","Géodésie générale. Tome I, Méthodes générales et techniques fondamentales",Paris : Éditions Eyrolles,1969,Geodesia - Manuales
2.146,C1,"Maughan, M.",Adjustment of observations by least squares,Sydney : School of Surveying,1983,Mínimos cuadrados; Ajuste de observaciones
2.147,C1,"Maughan, M.",Survey computations,Sydney : School of Surveying,1984,Topografía - Cálculos
2.148,C1,"Kearsley, A. H. W.",Geodetic surveying with special reference to geodetic surveying in Australia,Kensington : School of Surveying,1985,Geodesia - Australia; Topografía
2.149,C1,"Hallam, Anthony",Grandes controversias geológicas,Barcelona : Labor,1985,Geología - Historia
2.150,C1,"Sun, He-Ping",Static deformation and gravity changes at the earth's surface due to the atmospheric pressure : dissertation présentée le 24 novembre 1995 à l'Université catholique de Louvain (Louvain-la-Neuve) en vue de l'obtention du grade de Docteur en Sciences,Bruxelles : Observatoire Royal de Belgique,1995,Gravimetría; Presión atmosférica; Deformaciones de la corteza
2.151,C1,"Hotine-Marussi Symposium on Mathematical Geodesy (3º. 1994. L'Aquila, Italy)","Geodetic theory today : Third Hotine-Marussi Symposium on Mathematical Geodesy, L'Aquila, Italy, May 30-June 3, 1994",Berlin [etc.] : Springer,1995,Geodesia matemática - Congresos
2.153 (vols. b),C1,Pannonian Symposium on Mathematical Statistics (4º. 1983. Bad Tatzmannsdorf),"Mathematical statistics and applications : proceedings of the 4th Pannonian Symposium on Mathematical Statistics, Bad Tatzmannsdorf, Austria, 4-10 September, 1983. Volume B",Budapest : Akadémiai Kiadó,1985,Estadística matemática - Congresos
2.155,C1,"Whyte, W. S.",Basic metric surveying. [Third edition],London [etc.] : Butterworths,1985,Topografía - Manuales
2.160,C1,"Outerelo Domínguez, Enrique [et al.]",Contribuciones matemáticas : libro homenaje al profesor D. Francisco Botella Raduan,Madrid : Universidad Complutense. Facultad de Ciencias Matemáticas. Departamento de Geometría y Topología,1986,Matemáticas - Homenajes
2.161,C1,International Symposium on Earth Tides (10º. 1985. Madrid),"Proceedings of the Tenth International Symposium on Earth Tides : (with special sessions dedicated to Ocean Tides): Madrid, september 23-27, 1985",Madrid : Consejo Superior de Investigaciones Científicas,1986,Mareas terrestres - Congresos; Mareas oceánicas
2.162,C1,"Jornadas Volcanológicas de Lanzarote (3ª. 1985. Arrecife, Las Palmas)",III Jornadas volcanológicas de Lanzarote : Castillo de S.José (Arrecife) mayo 1985,Lanzarote : Cabildo Insular,1985,Volcanología - Canarias - Congresos
2.167,C1,"Udías Vallina, Agustín",Fundamentos de geofísica,Madrid : Alhambra,1986,Geofísica - Manuales
2.172,C2,,La forma de la tierra. Medición del meridiano. 250 aniversario : catálogo,Madrid : Museo Naval,1986,Tierra - Figura; Meridiano - Medición; Geodesia - Historia
2.174,C2,"Hampel, Frank R.",Robust statistics : the approach based on influence functions,New York : John Wiley,1986,Estadística robusta
2.176,C2,"Krakiwsky, Edward J.",A catalogue of undergraduate programmes in surveying and mapping in the world,[S.l.] : IAG Commission IX on Education,1987,Topografía - Enseñanza; Cartografía - Enseñanza
2.179,C2,"Sansò, F. (Fernando) (1945-)",IV Curso de Geodesia Superior : el problema de contorno de la geodesia física y estudio de deformaciones de la corteza,Madrid : Instituto de Astronomía y Geodesia (U.C.M.-C.S.I.C.),1987,Geodesia física; Problemas de contorno; Deformaciones de la corteza
2.182,C2,"Hromadka II, Th. V",The best approximation method. And introduction,Berlín [etc.] : Springer Verlag,1987,Aproximación (matemáticas); Análisis numérico
2.184,C2,"Otero Juez, J.",Análisis de los problemas de contorno de frontera libre de la geodesia física,Madrid : Universidad Complutense,1988,Geodesia física; Problemas de contorno
2.185,C2,"Levallois, Jean-Jacques",Mesurer la terre : 300 ans de geodesie française. De la toise du chatelet Au satellite,Paris : Association Française de Topographie,1988,Geodesia - Francia - Historia
2.186,C2,"Anguita Virella, Francisco",Origen e historia de la tierra,Madrid : Rueda,1988,Tierra - Origen; Geología - Historia
2.187,C2,"Spalla, P.",Atlante del contenuto elettronico totale della ionosfera nell'area mediterranea,Roma : Consiglio Nazionale delle Ricerche,1988,Ionosfera - Atlas; Mediterráneo
2.188,C2,Trobades Científiques de la Mediterrània (1986. Maón),Xarxes sísmiques instrumentació i aplicació a la sismotectònica,Barcelona : CIRIT,1988,Redes sísmicas; Sismotectónica - Congresos
2.189,C2,"Schutz, B. F. (ed.)",Gravitational wave data analysis,Dordrecht [etc.] : Kluwer Academic Publishers,1989,Ondas gravitatorias; Análisis de datos
2.191,C2,"Working Meeting on European VLBI for Geodesy and Astrometry (7ª. 1989. Madrid, España)","Proceedings of the 7th Working Meeting on European VLBI for Geodesy and Astrometry : Madrid-Spain 26-27 October, 1989",Madrid : Instituto de Astronomia y Geodesia,1990,VLBI; Geodesia - Congresos; Astrometría - Congresos
2.192,C2,"Working Meeting on European VLBI for Geodesy and Astrometry (7ª. 1989. Madrid, España)","Proceedings of the 7th Working Meeting on European VLBI for Geodesy and Astrometry : Madrid-Spain 26-27 October, 1989",Madrid : Instituto de Astronomia y Geodesia,1990,VLBI; Geodesia - Congresos; Astrometría - Congresos
2.193,C2,Instituto Hidrográfico de la Marina,"Anuario de mareas 1989 : que comprende la Península Ibérica, Ceuta, Islas Canarias, Tanger, Ifni, Sahara Occidental y Guinea Ecuatorial",Cádiz : Servicio de Publicaciones de la Armada,1988,Mareas oceánicas - Tablas - España
2.195,C2,"Torge, W.","Mareas terrestres y fundamentos, métodos y problemas de la gravimetría : V curso de geodesia superior",Madrid : Instituto de Astronomía y Geodesia,1989,Mareas terrestres; Gravimetría; Geodesia - Cursos
2.196,C2,"Torge, W.","Mareas terrestres y fundamentos, métodos y problemas de la gravimetría : V curso de geodesia superior",Madrid : Instituto de Astronomía y Geodesia,1989,Mareas terrestres; Gravimetría; Geodesia - Cursos
2.197,C2,Reunión Matemática en Honor de A. Dou,Actas de la reunion matemática en honor de A. Dou,Madrid : Universidad Complutense,1989,Matemáticas - Congresos; Matemáticas - Homenajes
2.199,C2,"Price, W. F.",Láser surveying,[London] : Van Nostrand Reinhold (International),1989,Topografía - Láser
2.200,C2,Meeting on Canarian Volcanism,"Meeting on Canarian volcanism : Lanzarote 30 Nov. - 3 Dec., Gran Canaria 3 Dec. - 5 Dec., Tenerife 5 Dec. - 7 Dec : Agenda. Lista de Participantes. Abstracts",Madrid : European Science Foundation,1989,Volcanología - Canarias - Congresos
2.204,C2,"Sevilla, M. J.",Distanciometría geodésica de alta precisión : VII curso de geodesia superior,Madrid : Instituto de Astronomía y Geodesia,1991,Distanciometría electrónica; Geodesia - Cursos
2.205,C2,"Rinner, Karl",Systematic investigations of geodetic networks in space : annual technical report,,,Redes geodésicas; Geodesia por satélite
2.207,C2,"Bosque Sendra, Joaquín",Sistemas de información geográfica,Madrid : Rialp,1992,Sistemas de información geográfica
2.210,C2,"Kramer, H. J.",Earth observation remote sensing : survey of missions and sensors,Berlín [etc.] : Springer-verlag,1992,Teledetección; Satélites de observación de la Tierra
2.211,C2,"Mena Berrios, Juan",Cartografía digital : desarrollo de software interno,Madrid : ra-ma,1992,Cartografía digital; Informática
2.213,C2,International Symposium on Earth Tides (11º. 1989. Helsinki),"Proceedings of the eleventh international symposium on earth tides : Helsinki, july 31 - august 5, 1989",Stuttgart : E. schweizerbart'Sche Verlagsbuchhandlung,1991,Mareas terrestres - Congresos
2.214,C2,Jornadas de Instrumentación y Proceso de Datos en Ciencias de la Tierra (3ª. 1990. Lanzarote),Instrumentación y proceso de datos en ciencias de la tierra : Lanzarote 1990,"Lanzarote : Servicio de Publicaciones, Consejería de Cultura, Cabildo Insular",1991,Geofísica - Instrumentos - Congresos; Proceso de datos
2.215,C2,"Delcourt, Jean Jacques",Magnétisme terrestre : Introduction,Paris [etc.] : Masson,1990,Geomagnetismo
2.218,C2,"Gottlieb, D.",Numerical analysis of spectral methods : theory and applications,Philadelphia : Society for Industrial and Applied Mathematics,1977,Análisis numérico; Métodos espectrales
2.230,C2,"Levallois, Jean-Jacques","Géodésie générale. Tome IV, Géodésie spatiale",Paris : Éditions Eyrolles,1971,Geodesia por satélite
2.237,C2,"Zidarov, Dimiter",Inverse gravimetric problem in geoprospecting and geodesy,Amsterdam [etc.] : Elsevier,1990,Gravimetría - Problema inverso; Prospección geofísica
2.239,C2,"Júdice, António","O problema da figura da Terra : contribuição para o seu estudo. 1.ª parte, O método gravimétrico",Coimbra : Tipografia Coimbra Editora,1948,Tierra - Figura; Gravimetría
2.241,C2,Workshop on Maximum Entropy and Bayesian Methods in Applied Statistics (3º. 1983. Wyoming),"Maximum entropy and bayesian spectral analysis and estimation problems : proceedings of third workshop on maximum entropy and bayesian methods in applied statistics, Wyoming, U.S.A., august 1-4, 1983",Dordrecht [etc.] : D. Reidel,1987,Análisis espectral - Congresos; Estadística bayesiana
2.242,C2,"Hoaglin, David C. (ed.)",Understanding robust and exploratory data analysis,New York [etc.] : John Wiley and Sons,1983,Estadística robusta; Análisis de datos
2.246,C2,"Whittle, Peter",Optimization under constraints : Theory and applications of nonlinear programming,"Chichester, [etc.] : John Wiley and Sons",1978,Optimización; Programación no lineal
2.247,C2,American Congress on Surveying and Mapping,Definitions of surveying and associated terms,[S.l.] : American Congress on Surveying and Mapping,1972,Topografía - Diccionarios
2.263,C2,"Hoel, Paul G.","Introduction to mathematical statistics. Fourth printing, February, 1948",New York ; London : John Wiley & Sons ; Chapman & Hall,1947,Estadística matemática
2.267,C2,"Tilling, Robert I. (ed.)",How volcanoes work,Washington : American Geophysical Union,1988,Volcanes; Volcanología
2.271,C2,"Vlaar, N. J. (ed.)",Mathematical geophysics : a survey of recent developments in seismology and geodynamics,"Dordrecht, [etc.] : D. Reidel",1988,Geofísica matemática; Sismología; Geodinámica
2.273,C2,"Mirónov, V. S.",Curso de prospección gravimétrica,Barcelona [etc.] : Editorial Reverté,1977,Gravimetría; Prospección geofísica
2.275,C2,"Rétháti, László",Probabilistic solutions in geotechnics,Budapest : Akadémiai Kiadó,1988,Geotecnia; Probabilidades
2.279,C3,"Tazieff, H.",Le volcanisme et sa prevention,Paris [etc.] : Masson,1990,Volcanes; Riesgo volcánico
2.282,C3,Applications of Geodesy to Engineering Symposium (1991. Stuttgart),"Applications of geodesy to engineering : symposium : Stuttgart, Germany, May 13-17, 1991",Berlin [etc.] : Springer-verlag,1993,Geodesia aplicada - Ingeniería - Congresos
2.284,C3,"Lim, Joe S.",Two-dimensional signal and image processing,"Englewood Cliffs, N.J. [etc.] : Prentice-Hall",1990,Tratamiento de señales; Tratamiento de imágenes
2.285,C3,International Symposium Geodesy and Physics of the Earth (7º. 1992. Postdam),"Geodesy and physics of the earth : geodetic contributions to geodynamics : 7th international symposium Nº 112 Postdam, October 5-10, 1992",Berlín : Springer Verlag,1993,Geodinámica - Congresos; Geodesia - Congresos
2.286,C3,"Zelniker, G.",Advanced digital signal processing : Theory and applications,"New York, [etc.] : Marcel Dekker, Inc.",1994,Tratamiento de señales
2.289,C3,"Heck, B. (ed.)",Surveys in geophysics,Dordrecht : Kluwer Academic Publishers,1993,Geofísica; Geodesia
2.291,C3,"Rummel, R. (ed.)",Satellite altimetry in geodesy and oceanography,Berlín [etc.] : Springer Verlag,1993,Altimetría por satélite; Geodesia por satélite; Oceanografía
2.292,C3,"Ferrer Torio, Rafael",Topografía aplicada a la ingeniería civil,"Laredo, Santander : Universidad de Cantabria, Dep. de Ing. Geo. y T.E.G.",1992,Topografía; Ingeniería civil
2.293,C3,"Ferrer Torio, R.",Instrumentos topográficos,"Laredo, Santander : Universidad de Cantabria, Dep. Ing. Geo. y T.E.G.",1980,Topografía - Instrumentos
2.296,C3,"Ferrer Torio, R.",Introducción a la topografía,"Santander : Universidad de Cantabria, Dep. Ing. Geo. y T.E.G.",1980,Topografía - Manuales
2.298,C3,"Ferrer Torio, Rafael",Distanciometría electrónica de alta precisión,"Santander : Universidad de Cantabria, Dep. Ing. Geo. y T.E.G.",1991,Distanciometría electrónica
2.300,C3,"Cattelain, F. J. G.","Relevés photogrammétriques de monuments historiques : mémoire présenté au VIIIème Congrès International de Photogrammétrie, Stockholm 1956",,1956,Fotogrametría arquitectónica; Monumentos
2.302,C3,"Smith, David E. (ed.)",Contributions of space geodesy to geodynamics : crustal dynamics,Washington : American Geophysical Union,1993,Geodesia por satélite; Geodinámica; Corteza terrestre
2.303,C3,"Smith, David E. (ed.)",Contributions of space geodesy to geodynamics : earth dynamics,Washington : American Geophysical Union,1993,Geodesia por satélite; Geodinámica; Tierra - Rotación
2.313,C3,"Mezcua, J. (ed.)",Iberian lithosphere hetereogenity and anisotrophy,"Madrid : Ministerio de Obras Publicas, Transportes y Medio Ambiente. Instituto Geografico Nacional",1993,Litosfera - Península Ibérica; Sismología - España
2.314 (vols. a),C3,International Symposium on Space Techniques for Geodynamics (1984. Sopron),"Proceedings of the international symposium on space techniques for geodynamics : Sopron, Hungary, July 9 to 13",Hungary : Hungarian Academy of Sciences,1984,Geodesia por satélite - Congresos; Geodinámica
2.318,C3,Meeting on Canarian Volcanism,"Meeting on Canarian volcanism : Lanzarote 30 Nov. - 3 Dec., Gran Canaria 3 Dec. - 5 Dec., Tenerife 5 Dec. - 7 Dec : Agenda. Lista de Participantes. Abstracts",Madrid : European Science Foundation,1989,Volcanología - Canarias - Congresos
2.321,C3,"Smith, David E. (ed.)",Contributions of space geodesy to geodynamics : technology,Washington : American Geophysical Union,1993,Geodesia por satélite; Geodinámica
"2.322 (vols. a, b)",C3,"International Conference on Cartography-Geodesy (1992. Maracaibo, Venezuela)","Proceedings of the international conference on cartography-geodesy = Memorias de la Conferencia Internacional sobre cartografía y geodesia : Maracaibo (Venezuela) from November 24 to December 3, 1992",Madrid : Instituto de Astronomía y Geodesia,1993,Cartografía - Congresos; Geodesia - Congresos
2.326,C3,"Sünkel, Hans (ed.)","Gravity and geoid : joint symposium of the International Gravity Commission and the International Geoid Commission, Graz, Austria, Sep. 11-17, 1994",Berlin [etc.] : Springer,1995,Gravimetría - Congresos; Geoide - Congresos
2.337,C3,"Lynden-Bell, D. (ed.)","Baryonic dark matter : proceedings of the NATO Advanced Study Institute... Cambridge, U.K., July 17-28, 1989",Dordrecht : Kluwer Academic,1990,Materia oscura - Congresos; Cosmología
2.341,C3,"Leinen, Margaret (ed.)",Paleoclimatology and paleometeorology : modern and past patterns of global atmospheric transport,Dordrecht [etc.] : Kluwer Academic Publishers,1987,Paleoclimatología - Congresos; Atmósfera
2.342,C3,"Sandholt, P. E. (ed.)","Electromagnetic coupling in the polar clefts and caps : proceedings of the NATO advanced research workshop on electromagnetic coupling in the polar clefts and caps. Lillehammer, Norway september 20-24, 1988",Dordrecht : Kluwer Academic Publishers,1989,Magnetosfera - Congresos; Ionosfera
2.343,C3,"Tørum, A. (ed.)","Water wave kinematics : proceedings of the NATO advanced research workshop on ... Molde, Norway 22-25 may 1989",Dordrecht : Kluwer Academic Publishers,1990,Olas - Congresos; Oceanografía
2.351,C3,"Segawa, Jiro (ed.)","Gravity, geoid and marine geodesy : International symposium. Tokyo, Japan, september 30-october 5, 1996",Berlin [etc.] : Springer,1997,Gravimetría - Congresos; Geoide - Congresos; Geodesia marina
2.352,C3,"Chouet, Bernard","Array analyses of seismic wavefields radiated by eruptive activity at Stromboli volcano, Italy",Roma : Felici editore,1998,Sismología volcánica; Volcanes - Italia
2.355,C3,"Frater, Harald","Natural disasters Recurso electrónico cause, course, effect, simulation",Berlin Heidelberg Düsseldorf : Springer Verlag,1998,Riesgos naturales
2.358,C3,"Rey Pastor, Julio",Correspondencia entre formas de primera categoría y aplicación al estudio de algunas de segunda,Madrid : Universidad Complutense. Facultad de Ciencias Matemáticas,1992,Geometría proyectiva
2.359,C3,"Martinec, Zdenêk",Boundary-value problems for gravimetric determination of a precise geoid,Berlin [etc.] : Springer,1998,Geoide; Gravimetría; Problemas de contorno
2.361,C3,"Vicente, Raimundo O.","Collected papers of Raimundo O. Vicente on geodynamics, geodesy and astronomy",Lisbon : Raimundo O. Vicente,1998,Geodinámica; Geodesia; Astronomía
2.384,C3,International Symposium on Earth Tides (14th),The 14th international symposium on Earth Tides,Japan : Geodetic Society of Japan,2001,Mareas terrestres - Congresos
2.403,D1,"Asamblea Hispano Portuguesa de Geodesia y Geofísica (3ª. 2002. Valencia, España)","3ª Asamblea hispano-portuguesa de geodesia y geofísica = 3ª Assembleia luso-espanhola de geodesia e geofísica : resúmenes de las comunicaciones, Valencia, España 4-8 febrero de 2002",Valencia : Universidad Politécnica,2002,Geodesia - Congresos; Geofísica - Congresos
2.404,D1,"Asamblea Hispano Portuguesa de Geodesia y Geofísica (3ª. 2002. Valencia, España)","3ª Asamblea hispano-portuguesa de geodesia y geofísica = 3ª Assembleia luso-espanhola de geodesia e geofísica : resúmenes de las comunicaciones, Valencia, España 4-8 febrero de 2002",Valencia : Universidad Politécnica,2002,Geodesia - Congresos; Geofísica - Congresos
2.408,D1,"International Union of Geodesy and Geophysics General Assembly (18º. 1983. Hamburg, FRG)","Proceedings of the International Association of Geodesy (IAG) symposia : Hamburg, FRG, august 15-27, 1983","Columbus, Ohio : Department of Geodetic Science and Surveying, The Ohio State University",1983,Geodesia - Congresos
2.413,D1,Trobades Científiques de la Mediterrània (1986. Maón),Xarxes sísmiques instrumentació i aplicació a la sismotectònica,"Barcelona, : CIRIT",1988,Redes sísmicas; Sismotectónica - Congresos
2.414,D1,"Pohánka, Vladimír",Inverse problem of gravimetry for a spherical planetary body,Bratislava : Slovak Academy of Sciences,1993,Gravimetría - Problema inverso
2.415,D1,"Zidarov, Dimiter",Inverse gravimetric problem in geoprospecting and geodesy,Amsterdam [etc.] : Elsevier,1990,Gravimetría - Problema inverso; Prospección geofísica
2.420,D1,"Sevilla, M. J.",Actualización de cálculos astronómicos,Madrid : Instituto de Astronomía y Geodesia,2003,Astronomía de posición - Cálculos; Efemérides astronómicas
2.421,D1,"Vicente, Raimundo O.","Collected papers of Raimundo O. Vicente on geodynamics, geodesy and astronomy",Lisbon : Raimundo O. Vicente,1998,Geodinámica; Geodesia; Astronomía
2.425,D1,"GGG2000 IAG International Symposium (2000, Banff)","Gravity, geoid and geodynamics 2000 : GGG2000 IAG International Symposium: Banff, Alberta, Canada: July 31 - August 4, 2000",Berlin : Springer,2002,Gravimetría - Congresos; Geoide - Congresos; Geodinámica
2.434,D1,"Seeber, Günter",Satellite geodesy. 2nd completely revised and extended edition,Berlin ; New York : Walter de Gruyter,2003,Geodesia por satélite
2.436,D1,"Hwang, Cheinway (ed.)","Satellite altimetry for geodesy, geophysics and oceanography : proceedings of the International Workshop on Satellite Altimetry, a joint workshop of IAG Section III Special Study Group SSG3.186 and IAG Section II, September 8-13, 2002, Wuhan, China",[Berlin] : Springer,2003,Altimetría por satélite - Congresos; Geodesia por satélite; Oceanografía
2.438,D1,"Gruber, O. v.",Fotogrametría : lecciones y artículos de diversos autores publicados en alemán,Madrid,1932,Fotogrametría
2.439,D1,"Awange, Joseph L.",Solving algebraic computational problems in geodesy and geoinformatics : the answer to modern challenges,[Berlin] : Springer,2005,Geodesia - Cálculos; Álgebra computacional
2.447,D1,GGSM 2004 IAG International Symposium (2004. Oporto),"Gravity, Geoid and Space Missions : GGSM 2004 IAG International Symposium Porto, Portugal, August 30 - September 3, 2004","Berlin, Heidelberg : Springer",2005,Gravimetría - Congresos; Geoide - Congresos; Geodesia por satélite
2.449,D1,"Migliaccio, Federica",Cartografía temática e automática,Milano : Libreria CLUP,2005,Cartografía temática; Cartografía automática
2.461,D1,"Linder, Wilfried",Digital photogrammetry : a practical course,Berlin : Springer,2006,Fotogrametría digital
2.464,D1,"Danson, Edwin",Weighing the world : the quest to measure the Earth,Oxford : Oxford University Press,2006,Geodesia - Historia; Tierra - Figura
2.467,D1,"Pick, Milos",Advanced physical geodesy and gravimetry,Prague : Ministry of Defence of the Czech Republic,2000,Geodesia física; Gravimetría
2.473,D1,Asamblea Hispano-Portuguesa de Geodesia y Geofísica (3ª. 2002. Valencia),"Proceedings : 3ª Asamblea Hispano-portuguesa de Geodesia y Geofísica = Assembleia Luso-espanhola de Geodesia y Geofísica : Valencia (España), 4-8 febrero 2002. Tomo I",Valencia : Editorial de la UPV,2003,Geodesia - Congresos; Geofísica - Congresos
2.474,D1,Asamblea Hispano-Portuguesa de Geodesia y Geofísica (3ª. 2002. Valencia),"Proceedings : 3ª Asamblea Hispano-portuguesa de Geodesia y Geofísica = Assembleia Luso-espanhola de Geodesia y Geofísica : Valencia (España), 4-8 febrero 2002. Tomo II",Valencia : Editorial de la UPV,2003,Geodesia - Congresos; Geofísica - Congresos
2.475,D1,Asamblea Hispano-Portuguesa de Geodesia y Geofísica (3ª. 2002. Valencia),"Proceedings : 3ª Asamblea Hispano-portuguesa de Geodesia y Geofísica = Assembleia Luso-espanhola de Geodesia y Geofísica : Valencia (España), 4-8 febrero 2002. Tomo III",Valencia : Editorial de la UPV,2003,Geodesia - Congresos; Geofísica - Congresos
2.476,D1,"González García, José Luis (ed.)",Mapas de riesgos naturales en la ordenación territorial y urbanística,Madrid : Ilustre Colegio Oficial de Geólogos,2009,Riesgos naturales - Mapas; Ordenación del territorio
2.481,D1,,Mare Nostrum : geomed report - 1,"Milano, Italy : Politécnico di Milano",1992,Geoide - Mediterráneo; Gravimetría
2.482,D1,"Sevilla, M. J. (ed.)",Mare Nostrum : geomed report - 2,Madrid : [s.n.],1992,Geoide - Mediterráneo; Gravimetría
2.483,D1,,Mare Nostrum : geomed report - 3,"Milano, Italy : Politécnico di Milano",1993,Geoide - Mediterráneo; Gravimetría
2.484,D1,"Arabelos, D. (ed.)",Mare Nostrum : geomed report - 4,"Thessaloniki, Greece : University of Thessaloniki",1994,Geoide - Mediterráneo; Gravimetría
2.500,D1,Symposium Español de Estudios Antárticos (2º. 1987. Madrid),"Actas del Segundo Symposium español de estudios antárticos : Madrid, 13-15 julio 1987",Madrid : Consejo Superior de Investigaciones Científicas,1987,Antártida - Congresos; Investigación polar
2.501,D1,"Gómez de Castro, A. I. (ed.)",Magnetic fields and star formation. : theory versus observations,Dordrecht (Holanda) : Kluwer Academic Publishers,2004,Estrellas - Formación; Campos magnéticos
2.502,D1,"López Ruiz, José (geólogo)","El metamorfismo de la sierra de Guadarrama, Sistema Central español",Madrid : Servicio de Publicaciones. Ministerio de Industria,1975,Metamorfismo (geología); Geología - Sierra de Guadarrama
2.503,D1,"Bezos López, Javier",Tipografía y notaciones científicas,Gijón (Asturias) : Trea,2008,Tipografía; Notación científica
2.504,D1,Kagoshima International Conference on Volcanoes (1988),Kagoshima International Conference on Volcanoes : proceedings,[Tokyo] [Kagoshima] : [National Institute for Research Advancement] [Prefectural Government],1988,Volcanes - Congresos; Volcanología
2.522,D1,Curso Internacional de Volcanología Y Geofísica Volcánica (13. 2000),Curso Internacional de Volcanología y Geofísica Volcánica : edición 2000,"[Arrecife de Lanzarote] : Servicio de Publicaciones, Cabildo Insular de Lanzarote",2000,Volcanología - Cursos; Geofísica
2.523,D1,"Ortiz Ramís, Ramón",Instrumentación en volcanología,"[Arrecife de Lanzarote] : Servicio de Publicaciones, Cabildo Insular de Lanzarote",2001,Volcanología - Instrumentos
2.530,D1,"Satake, Kenji (ed.)",Tsunami and its hazards in the Indian and Pacific Oceans,Basel : Birkhäuser Basel,2007,Tsunamis; Riesgos naturales
2.532,D1,"Pardo-Igúzquiza, Eulogio (ed.)",Mathematics of planet earth : proceedings of the 15th Annual Conference of the International Association for Mathematical Geosciences,Heidelberg [etc.] : Springer,2014,Geomatemáticas - Congresos
2.533,D1,Asamblea Hispano-Portuguesa de Geodesia y Geofísica (7ª. 2012. Donostia-San Sebastián),7 ahpgg : Geodesia eta geofisikako biltzar hispano portugaldarra = Asamblea hispano portuguesa de geodesia y geofísica = Asambleia luso-espanhola de geodesia y geofisica = Portuguese-Spanish Asembly of Geodesy and Geophysics : donostia-san sebastián 23-28/06/2012,,2012,Geodesia - Congresos; Geofísica - Congresos
N-1,D2,"Kopal, Zdeněk (ed.)",Advances in astronomy and astrophysics. Volume 9,New York ; London : Academic Press,1972,Astronomía; Astrofísica
N-2,D2,Conseil International des Unions Scientifiques. Commission pour l'Étude des Relations entre les Phénomènes Solaires et Terrestres,Huitième rapport de la Commission pour l'étude des relations entre les phénomènes solaires et terrestres,Paris : Imprimerie J. & R. Sennac,1954,Relaciones Sol-Tierra; Sol - Observaciones
N-3,D2,Institut d'Astrophysique de Paris,Documentation des observateurs : série solaire = solar series : 1957,Forcalquier : Imprimerie d'Éditions A. Reynaud,1957,Sol - Observaciones; Física solar
N-4,D2,Coloquio sobre Historia de la Ciencia Hispano-Americana (1976. Madrid),Coloquio sobre historia de la ciencia hispano-americana : celebrado del 19 al 23 de abril de 1976,"Madrid : [Real Academia de Ciencias Exactas, Físicas y Naturales]",1977,Ciencia - Historia - Congresos; Ciencia - España - Historia; América - Historia
N-5,D2,"Petit-Breuilh Sepúlveda, María Eugenia",La historia eruptiva de los volcanes hispanoamericanos (siglos XVI al XX) : el modelo chileno,"[Arrecife de Lanzarote] : Servicio de Publicaciones, Excmo. Cabildo Insular de Lanzarote ; Casa de los Volcanes",2004,Volcanes - Chile - Historia; Volcanología
N-6,D2,"Mezcua, J.",Sismicidad del área ibero mogrebí,"[Madrid] : Presidencia del Gobierno, Instituto Geográfico Nacional",1983,Sismología - España; Sismicidad - Norte de África
N-7,D2,International Astronomical Union. General Assembly (11ª. 1961. Berkeley),"Agenda and draft reports : Eleventh General Assembly, 15-24 August 1961",[Birkenhead] : [International Astronomical Union] (printed by Willmer Brothers and Haram),1961,Unión Astronómica Internacional - Asambleas; Astronomía - Informes
N-8,D2,International Astronomical Union. General Assembly (12ª. 1964. Hamburgo),"Agenda and draft reports : Twelfth General Assembly, 25 August - 3 September 1964",[Birkenhead] : [International Astronomical Union] (printed by Willmer Brothers and Haram),1964,Unión Astronómica Internacional - Asambleas; Astronomía - Informes
N-9,D2,Colloquium on the Scientific Aspects of the Hipparcos Input Catalogue Preparation (2º. 1988. Sitges),"Hipparcos : scientific aspects of the input catalogue preparation II : proceedings of a colloquium held at Sitges, Catalonia, Spain from 25 to 29 January 1988. 1a. edició","[Barcelona] : Comissió Interdepartamental de Recerca i Innovació Tecnològica (CIRIT), Generalitat de Catalunya",1988,Astrometría - Congresos; Satélites artificiales en astronomía; Hipparcos (satélite)
N-10,D2,GeoForschungsZentrum Potsdam,ERS-1 D-PAF global products manual,[Potsdam] : [GeoForschungsZentrum Potsdam],[s.a.],Satélites de observación de la Tierra; Altimetría por satélite
N-11,D2,Association Aéronautique et Astronautique de France. Colloque (1991. Paris),"La téléscience au service de l'expérimentation spatiale appliquée aux sciences de l'univers, aux sciences de la vie, aux sciences des matériaux & des fluides, et aux sciences de la terre & de l'environnement = Telescience for space experimentation in the fields of space science, life, materials & fluid sciences and earth & environmental sciences : a colloquium organised by Association Aéronautique & Astronautique de France, Paris, 19-20 November 1991","Paris : European Space Agency, ESA Publications Division",1992,Investigación espacial - Congresos; Teledetección
N-12,D2,"Comas, David",Fundamentos de los sistemas de información geográfica. 1.ª ed.,Barcelona : Ariel,1993,Sistemas de información geográfica
N-13,D2,Nautical Almanac Office (Estados Unidos) ; H.M. Nautical Almanac Office,"The astronomical almanac for the year 2001 : data for astronomy, space sciences, geodesy, surveying, navigation and other applications",Washington ; London : U.S. Government Printing Office ; The Stationery Office,2000,Efemérides astronómicas; Tablas astronómicas
0.1.1,E1,"Real Academia de Ciencias Exactas, Físicas y Naturales (Madrid)",Vocabulario científico y técnico,Madrid : Espasa-Calpe,1990,Ciencia - Diccionarios; Tecnología - Diccionarios
0.1.5,E1,Unión Internacional de Física Pura y Aplicada. Comisión S.U.N.,"Símbolos, unidades y nomenclatura en la física","Madrid : Comité Español de la Unión Internacional de Física Pura y Aplicada, Academia de Ciencias",1965,Física - Símbolos y unidades; Unidades de medida
"0.1.6 (vols. a, b)",E1,Real Academia Española,Diccionario de la lengua española. 20ª ed.,Madrid : Real Academia Española,1984,Diccionarios - Español
"0.1.7 (vols. a, b)",E1,"Beigbeder Atienza, Federico",Nuevo diccionario politécnico de las lenguas española e inglesa = New polytechnic dictionary of Spanish and English language,Madrid : Díaz de Santos,1988,Diccionarios - Inglés-español; Tecnología - Diccionarios
0.1.10,E1,"García-Pelayo y Gross, Ramón","Dictionnaire moderne français-espagnol, español-francés",Barcelona : Larousse,1987,Diccionarios - Francés-español
"0.1.11 (vols. a, b)",E1,"Martínez Amador, Emilio M.","Diccionario italiano-español, español-italiano",Barcelona : Ramón Sopena,1985,Diccionarios - Italiano-español
"0.1.12 (vols. a, b)",E1,"Martínez Amador, Emilio M.","Diccionario inglés-español, español-inglés",Barcelona : Ramón Sopena,1987,Diccionarios - Inglés-español
0.1.14,E1,"Novo y Fernández Chicarro, Pedro de",Diccionario de voces usadas en geografía física : con 4.400 voces y más de 5.000 acepciones,Madrid : Real Sociedad Geográfica,1949,Geografía física - Diccionarios
0.1.16,E1,Comisión Nacional de Metrología y Metrotecnia (España),Sistema internacional de unidades SI : edición conmemorativa del primer centenario de la Convención del Metro,Madrid : [Comisión Nacional de Metrología y Metrotecnia],1975,Sistema Internacional de Unidades; Metrología
0.1.17,E1,"Wildik, Visconde de","Novo diccionario hespanhol-portuguez e portuguez-hespanhol : com a pronuncia figurada em ambas as linguas. Parte primeira, Hespanhol-portuguez",París : Casa Editorial Garnier Hermanos,[s.a.],Diccionarios - Español-portugués
0.1.18,E1,"Hornby, A. S.",Oxford advanced learner's dictionary of current English,Oxford : Oxford University Press,1989,Diccionarios - Inglés
0.1.23,E1,"Novitzky, Alejandro","Diccionario minero-metalúrgico-geológico-mineralógico-petrográfico y de petróleo : inglés-español, francés, alemán, ruso",Buenos Aires : [s.n.],1951,Minería - Diccionarios; Geología - Diccionarios; Diccionarios - Plurilingües
0.1.26,E1,"Jordanoff, Assen",Jordanoff's illustrated aviation dictionary,New York ; London : Harper & Brothers Publishers,[s.a.],Aeronáutica - Diccionarios
"0.1.27 (vols. a, b)",E2,"Beigbeder Atienza, Federico",Diccionario politécnico de las lenguas española e inglesa. 3ª ed. aumentada y actualizada,Madrid : Ediciones Castilla,1965,Diccionarios - Inglés-español; Tecnología - Diccionarios
0.4.1,E2,Foundation Scientific Europe,Europa científica : investigación y tecnología en 20 países,Barcelona : Labor,1990,Investigación científica - Europa; Política científica
0.4.2,E2,Consejo Superior de Investigaciones Científicas (España),El CSIC : medio siglo de investigación,Madrid : Consejo Superior de Investigaciones Científicas,1996,Consejo Superior de Investigaciones Científicas - Historia; Investigación científica - España
0.4.3,E2,"Ibáñez, J. J. (ed.)",El paisaje mediterráneo a través del espacio y del tiempo : implicaciones en la desertificación,Logroño : Geoforma,1997,Paisaje - Mediterráneo; Desertificación
4.5,E2,Real Sociedad Española de Física. Reunión Bienal (23ª. 1991. Valladolid),"XXIII Reunión Bienal de la Real Sociedad Española de Física : Valladolid, 23-27 de septiembre de 1991",Valladolid : Universidad de Valladolid,1991,Física - Congresos
4.16,E2,"Lipschutz, Seymour",Matemáticas para computación,México [etc.] : McGraw-Hill,1983,Matemáticas discretas; Informática
4.26,E2,"Ciocchi, Pedro N.",El espacio físico : una nueva lógica,Buenos Aires : Ediciones Rojizul,1988,Espacio y tiempo; Física - Filosofía
4.27,E2,"Guzmán, Miguel de",Ecuaciones diferenciales ordinarias : teoría de estabilidad y control,Madrid : Alhambra,1975,Ecuaciones diferenciales; Estabilidad; Teoría del control
4.28,E2,"Żelazko, W.",On ideal theory in Banach and topological algebras,"[México] : [Universidad Nacional Autónoma de México, Instituto de Matemáticas]",[s.a.],Álgebras de Banach; Álgebras topológicas
4.44,E2,Universidad Complutense de Madrid. Departamento de Geometría y Topología,Contribuciones matemáticas : libro-homenaje al profesor Joaquín Arregui Fernández,Madrid : Editorial Complutense,1999,Matemáticas - Homenajes
4.48,E2,Topical Meeting on Gradient-Index Optical Systems (10ª. 1992. Santiago de Compostela),"Gradient-index optical systems : summaries of papers presented at the Tenth Topical Meeting on Gradient-Index Optical Systems, Santiago de Compostela, October 4-6, 1992",Santiago de Compostela : University of Santiago de Compostela,1992,Óptica - Congresos; Sistemas ópticos
0.3.1,F1,"Cleveland, William A. (ed.)",Britannica atlas,Chicago [etc.] : Encyclopaedia Britannica,1984,Atlas
0.3.4,F1,"Nebenzahl, Kenneth",Atlas de Colón y los grandes descubrimientos,Madrid : Magisterio Español,1990,América - Descubrimiento; Mapas antiguos; Cartografía - Historia
0.3.6,F1,Instituto Geográfico Nacional (España),Atlas nacional de España,"Madrid : Ministerio de Obras Públicas, Transportes y Medio Ambiente. Instituto Geográfico Nacional. Centro Nacional de Información Geográfica",1995,Atlas - España; Geografía - España
0.3.7,F1,Instituto Geográfico Nacional (España),Atlas nacional de España,"Madrid : Ministerio de Obras Públicas, Transportes y Medio Ambiente. Instituto Geográfico Nacional. Centro Nacional de Información Geográfica",1995,Atlas - España; Geografía - España
0.3.8,F1,Instituto Geográfico Nacional (España),Atlas nacional de España,"Madrid : Ministerio de Obras Públicas, Transportes y Medio Ambiente. Instituto Geográfico Nacional. Centro Nacional de Información Geográfica",1995,Atlas - España; Geografía - España
0.3.9,F1,"Sandage, Allan (1926-2010)",Atlas of galaxies : useful for measuring the cosmological distance scale,"Washington, D.C. : National Aeronautics and Space Administration. Scientific and Technical Information Office",1988,Galaxias - Atlas; Distancias astronómicas
1.398 (vols. a),F1,Comité Meteorológico Internacional. Comisión para el Estudio de Nubes,Atlas internacional de nubes y estados del cielo : extracto de la obra completa para uso de los observadores,Madrid,1931,Nubes - Atlas; Meteorología
0.3.10,F2,"Swings, P.",Atlas of representative cometary spectra,"[Liège] : [University of Liège, Astrophysical Institute]",1956,Cometas - Espectros; Astronomía - Espectros
1.244,F2,"Bečvář, Antonín","Atlas eclipticalis 1950.0. II., doplněné vydání",Praha : Nakladatelství Československé akademie věd,1964,Estrellas - Catálogos; Cielo - Atlas
1.400 (vols. a),F2,"Kopal, Zdeněk",Photographic atlas of the moon,New York and London : Academic Press,1965,Luna - Atlas; Luna - Fotografía
1.402 (vols. a),F2,"Audouze, Jean (dir.)",Le grand atlas de l'astronomie,France : Encyclopaedia Universalis,1983,Astronomía - Atlas; Universo
2.427,F2,"Gibson, Richard I. (ed.)",Geologic applications of gravity and magnetics : case histories,"Tulsa, OK : Society of Exploration Geophysicists",1998,Gravimetría; Geomagnetismo; Prospección geofísica
3.3,I1,Varian Data Machines,Varian 620/100 series computer handbook : specifications subject to change without notice,"Irvine, California : Varian Data Machines",1972,Ordenadores - Manuales
3.5,I1,"Schildt, Herbert",Programación en Turbo C. [Segunda edición],Madrid [etc.] : Borland-Osborne-McGraw-Hill,1991,Lenguajes de programación - C
3.6,I1,,The Lotus guide to learning Symphony,"Reading, Massachusetts : Addison-Wesley Publishing Company",1984,Programas informáticos - Symphony
3.8,I1,"Vetterling, William T.",Numerical recipes example book (FORTRAN). Second edition,Cambridge University Press,1992,Análisis numérico; Lenguajes de programación - Fortran
3.9,I1,"Belserene, Rita",Desktop publishing with WordPerfect 5.1,San Francisco [etc.] : Sybex,1990,Autoedición; Procesadores de texto - WordPerfect
3.10,I1,"Alderman, Eric",WordPerfect 5.0 avanzado,Madrid [etc.] : Osborne-McGraw-Hill,1990,Procesadores de texto - WordPerfect
3.12,I1,"Kernighan, Brian W.",El entorno de programación UNIX,México : Prentice-Hall Hispanoamericana,1987,Sistemas operativos - UNIX; Programación
3.13,I1,"Peters, James F.",The VMS user's guide,"Bedford, Mass. (EE.UU.) : Digital",1990,Sistemas operativos - VMS
3.14,I1,"Wolfram, Stephen",Mathematica : a system for doing mathematics by computer. [Second edition],"Redwood City, Cal. [etc.] : Addison-Wesley",1991,Mathematica (programa); Cálculo simbólico
3.15,I1,"Zimmerman, Scott",La Biblia del Turbo C : fundamentos y técnicas avanzadas de programación,Madrid : Anaya Multimedia,1990,Lenguajes de programación - C
3.16,I1,"DeVoney, Chris",PC DOS user's guide,Indianapolis : Que Corporation,1984,Sistemas operativos - MS-DOS
3.19,I1,"Press, William H. [et al.]",Numerical recipes in Fortran 90 : the art of parallel scientific computing,Cambridge [etc.] : Cambridge University Press,1996,Análisis numérico; Lenguajes de programación - Fortran; Computación paralela
3.22,I1,"Gianone, Christine M.",Using MS-DOS Kermit : connecting your PC to the electronic world,"Bedford, Mass. (EE.UU.) : Digital Press",1992,Comunicaciones informáticas; Kermit (programa)
3.23,I1,"Richter, Jeffrey",Programación avanzada en Windows,Madrid [etc.] : McGraw-Hill,1997,Programación - Windows
3.25,I1,"Person, Ron",Edición especial Word 97,Madrid [etc.] : Prentice Hall,1997,Procesadores de texto - Word
3.27,I1,"Martínez Valero, Julián",Windows 95,Anaya Multimedia,1998,Sistemas operativos - Windows
3.28,I1,"Domínguez Alconchel, José",Word para Windows 95,Madrid : Anaya Multimedia,1998,Procesadores de texto - Word
3.29,I1,"Moseley, Lonnie",La biblia de Office 97,Madrid : Anaya Multimedia,1998,Programas informáticos - Office
3.31,I1,"Petersen, Richard",LINUX : manual de referencia,Madrid [etc.] : Osborne/McGraw-Hill,1997,Sistemas operativos - Linux
3.32,I1,"Arboles, Sergio",Visual Basic 5 a fondo,Barcelona : Inforbook's,1998,Lenguajes de programación - Visual Basic
3.33,I1,"Travería, Santiago",Access 97 a fondo,Barcelona : Inforbook's,1998,Bases de datos - Access
3.34,I1,"Kruglinski, David J.",Programación avanzada con Visual C++ 5,Madrid [etc.] : McGraw-Hill,1998,Lenguajes de programación - C++
3.36,I1,"Char, Bruce W. [et al.]",Maple V library reference manual,New York [etc.] : Springer-Verlag,1991,Maple (programa); Cálculo simbólico
3.37,I1,"Char, Bruce W. [et al.]",Maple V library reference manual,New York [etc.] : Springer-Verlag,1991,Maple (programa); Cálculo simbólico
3.38,I1,"Metcalf, Michael",Fortran 90/95 explained,Oxford [etc.] : Oxford University Press,1996,Lenguajes de programación - Fortran
1.1.44,P2-2,IAU General Assembly (13ª. 1967. Praga),Highlights of astronomy : as presented at the XIIIth General Assembly of the I.A.U. 1967,Dordrecht-Holland : D. Reidel Publishing Company,1968,Astronomía - Congresos; Unión Astronómica Internacional - Asambleas
1.1.45,P2-2,IAU General Assembly (13ª. 1967. Praga),Highlights of astronomy : as presented at the XIIIth General Assembly of the I.A.U. 1967,Dordrecht-Holland : D. Reidel Publishing Company,1968,Astronomía - Congresos; Unión Astronómica Internacional - Asambleas
1.1.46,P2-2,IAU General Assembly (14ª. 1970. Brighton),Highlights of astronomy : as presented at the XIV General Assembly of the IAU,Dordrecht : D. Reidel,1971,Astronomía - Congresos; Unión Astronómica Internacional - Asambleas
1.1.47,P2-2,IAU General Assembly (14ª. 1970. Brighton),Highlights of astronomy : as presented at the XIV General Assembly of the IAU,Dordrecht : D. Reidel,1971,Astronomía - Congresos; Unión Astronómica Internacional - Asambleas
1.1.48,P2-2,IAU General Assembly (15ª. 1973. Sídney),Highlights of astronomy : as presented at the XV General Assembly of the IAU,Dordrecht : D. Reidel,1974,Astronomía - Congresos; Unión Astronómica Internacional - Asambleas
1.1.49,P2-2,IAU General Assembly (16ª. 1976. Grenoble),Highlights of astronomy : as presented at the XVIth General Assembly of the IAU,Dordrecht : D. Reidel,1977,Astronomía - Congresos; Unión Astronómica Internacional - Asambleas
1.1.50,P2-2,IAU General Assembly (16ª. 1976. Grenoble),Highlights of astronomy : as presented at the XVIth General Assembly of the IAU,Dordrecht : D. Reidel,1977,Astronomía - Congresos; Unión Astronómica Internacional - Asambleas
1.1.51,P2-2,IAU General Assembly (17ª. 1979. Montreal),"Highlights of astronomy : as presented at the XVII General Assembly of the IAU, 1979",Dordrecht [etc.] : D. Reidel,1980,Astronomía - Congresos; Unión Astronómica Internacional - Asambleas
1.1.52,P2-2,IAU General Assembly (17ª. 1979. Montreal),"Highlights of astronomy : as presented at the XVII General Assembly of the IAU, 1979",Dordrecht [etc.] : D. Reidel,1980,Astronomía - Congresos; Unión Astronómica Internacional - Asambleas
1.1.53,P2-2,IAU General Assembly (18ª. 1982. Patras),Highlights of astronomy : as presented at the XVIIIth General Assembly of the IAU,Dordrecht [etc.] : D. Reidel,1982,Astronomía - Congresos; Unión Astronómica Internacional - Asambleas
1.1.54,P2-2,IAU General Assembly (20ª. 1988. Baltimore),"Highlights of astronomy : as presented at the XXth General Assembly of the IAU, 1988",Dordrecht [etc.] : D. Reidel,1989,Astronomía - Congresos; Unión Astronómica Internacional - Asambleas
1.1.55,P2-2,IAU Symposium (3º. 1955. Dublín),Non-stable stars,Cambridge : University Press,1957,Estrellas variables - Congresos
1.1.56,P2-2,IAU Symposium (4º. 1955. Jodrell Bank),Radio astronomy,Cambridge : University Press,1957,Radioastronomía - Congresos
1.1.57,P2-2,IAU Symposium (5º. 1955. Dublín),Comparison of the large-scale structure of the galactic system with that of other stellar systems,Cambridge : University Press,1958,Galaxias - Estructura; Vía Láctea - Congresos
1.1.58,P2-2,IAU Symposium (6º. 1956. Estocolmo),Electromagnetic phenomena in cosmical physics,Cambridge : University Press,1958,Magnetohidrodinámica - Congresos; Plasma cósmico
1.1.59,P2-2,IAU Symposium (7º. 1957. Saltsjöbaden),Second conference on co-ordination of galactic research,Cambridge : University Press,1959,Vía Láctea - Congresos; Estrellas y galaxias
1.1.60,P2-2,"Symposium on Cosmical Gas Dynamics (3º. 1957. Cambridge, Mass.)","Proceedings of the third Symposium on Cosmical Gas Dynamics : held at the Smithsonian Astrophysical Observatory, Cambridge, Massachusetts, June 24-29, 1957",,1958,Dinámica de gases cósmicos - Congresos; Materia interestelar
1.1.61,P2-2,IAU Symposium (9º. 1958. París),"Paris Symposium on Radio Astronomy : IAU Symposium no. 9 and URSI Symposium no. 1, held from 30 July to 6 August 1958","Stanford, California : Stanford University Press",1959,Radioastronomía - Congresos
1.1.62,P2-2,IAU Symposium (10º. 1958. Moscú),The Hertzsprung-Russell diagram,,1959,Diagrama de Hertzsprung-Russell - Congresos; Estrellas - Evolución
1.1.63,P2-2,IAU Symposium (11º. 1958. Moscú),"The rotation of the earth and atomic time standards : symposium held during the tenth General Assembly of the International Astronomical Union, in Moscow, August 1958",,1959,Tierra - Rotación - Congresos; Tiempo - Medición; Polo - Movimiento
1.1.64,P2-2,IAU Symposium (12º. 1960. Varenna),"Proceedings of the fourth Symposium on Cosmical Gas Dynamics : aerodynamic phenomena in stellar atmospheres : I.A.U. Symposium n. 12 : held at the International School of Physics «E. Fermi», Villa Monastero, Varenna (Lake of Como) ... August 18-30, 1960",Bologna : Nicola Zanichelli,1960,Estrellas - Atmósfera - Congresos; Dinámica de gases cósmicos
1.1.65,P2-2,IAU Symposium (13º. 1960. Helsinki),"The future of the International Latitude Service : held in Helsinki, July 1960 in conjunction with the International Association of Geodesy",,1961,Latitud - Variaciones - Congresos; Polo - Movimiento
1.1.66,P2-2,IAU Symposium (14º. 1960. Púlkovo),"The moon : Symposium no. 14 of the International Astronomical Union held at Pulkovo Observatory near Leningrad, December 1960",London and New York : Academic Press,1962,Luna - Congresos
1.1.67,P2-2,IAU Symposium (15º. 1961. Santa Bárbara),"Problems of extra-galactic research : I.A.U. Symposium no. 15, August 10-12, 1961",New York ; London : The Macmillan Company ; Collier-Macmillan,1962,Galaxias - Congresos; Cosmología
1.1.68,P2-2,"IAU Symposium (16º. 1961. Cloudcroft, New Mexico)","The solar corona : proceedings of International Astronomical Union Symposium No. 16 held at Cloudcroft, New Mexico, U.S.A., 28-30 August 1961",New York and London : Academic Press,1963,Sol - Corona; Sol - Congresos
1.1.69,P2-2,IAU Symposium (17º. 1961. Berkeley),"Visual double stars : held in Berkeley, August 11-12, 1961 with financial support from the National Science Foundation",,1962,Estrellas dobles - Congresos
1.1.70,P2-2,IAU Symposium (18º. 1962. París),"Theoretical interpretation of upper atmosphere emissions : held in Paris, 25th-29th June 1962 jointly with the International Union of Geodesy and Geophysics",New York ; Oxford ; London ; Paris : Pergamon Press,1963,Atmósfera superior - Congresos; Aeronomía
1.1.71,P2-2,Symposium de l'Union Astronomique Internationale (19º. 1962. Roma),Le choix des sites d'observatoires astronomiques (site testing) : tenu à Rome (Italie) du 1er au 6 octobre 1962 avec le concours financier du Consiglio Nazionale delle Ricerche,,1963,Observatorios astronómicos - Emplazamiento - Congresos
1.1.72,P2-2,IAU Symposium (20º. 1963. Canberra),"The galaxy and the Magellanic Clouds : IAU-URSI Symposium no. 20, Canberra, March 18-28, 1963","Canberra, Australia : Australian Academy of Science",1964,Vía Láctea - Congresos; Nubes de Magallanes
1.1.73,P2-2,Symposium de l'Union Astronomique Internationale (21º. 1963. París),Le système de constantes astronomiques = The system of astronomical constants : tenu à Paris du 27 au 31 mai 1963 avec le concours de l'Observatoire de Paris et du Bureau des Longitudes,Paris : Gauthier-Villars,1965,Constantes astronómicas - Congresos
1.1.74,P2-2,IAU Symposium (22º. 1963. Rottach-Egern),Stellar and solar magnetic fields,Amsterdam : North-Holland Publishing Company,1965,Campos magnéticos estelares - Congresos; Sol - Campo magnético
1.1.75,P2-2,IAU Symposium (23º. 1964. Lieja),"Astronomical observations from space vehicles : held in Liège, Belgium, 17 to 20 August 1964 ; organized with cooperation of COSPAR",,1965,Astronomía espacial - Congresos; Investigación espacial
1.1.1,P2-3,International Astronomical Union. General Assembly (1ª. 1922. Roma),"Transactions of the International Astronomical Union. Vol. I, First General Assembly held at Rome, May 2nd to May 10th, 1922",London : Imperial College Bookstall,1922,Unión Astronómica Internacional - Asambleas; Astronomía - Congresos
1.1.2,P2-3,International Astronomical Union. General Assembly (2ª. 1925. Cambridge),"Transactions of the International Astronomical Union. Vol. II, Second General Assembly held at Cambridge, July 14 to July 22, 1925",London : Imperial College Bookstall,1925,Unión Astronómica Internacional - Asambleas; Astronomía - Congresos
1.1.3,P2-3,International Astronomical Union. General Assembly (3ª. 1928. Leiden),"Transactions of the International Astronomical Union. Vol. III, [Third General Assembly held at Leiden, 1928]",[Cambridge] : [Cambridge University Press],1928,Unión Astronómica Internacional - Asambleas; Astronomía - Congresos
1.1.5,P2-3,International Astronomical Union. General Assembly (5ª. 1935. París),"Transactions of the International Astronomical Union. Vol. V, [Fifth General Assembly held at Paris, 1935]",[Cambridge] : [Cambridge University Press],1935,Unión Astronómica Internacional - Asambleas; Astronomía - Congresos
1.1.6,P2-3,International Astronomical Union. General Assembly (6ª. 1938. Estocolmo),"Transactions of the International Astronomical Union. Vol. VI, [Sixth General Assembly held at Stockholm, 1938]",[Cambridge] : [Cambridge University Press],1938,Unión Astronómica Internacional - Asambleas; Astronomía - Congresos
1.1.7,P2-3,International Astronomical Union. General Assembly (7ª. 1948. Zúrich),"Transactions of the International Astronomical Union. Vol. VII, [Seventh General Assembly held at Zurich, 1948]",[Cambridge] : [Cambridge University Press],1950,Unión Astronómica Internacional - Asambleas; Astronomía - Congresos
1.1.8,P2-3,International Astronomical Union. General Assembly (8ª. 1952. Roma),"Transactions of the International Astronomical Union. Vol. VIII, [Eighth General Assembly held at Rome, 1952]",[Cambridge] : [Cambridge University Press],1952,Unión Astronómica Internacional - Asambleas; Astronomía - Congresos
1.1.9,P2-3,International Astronomical Union. General Assembly (9ª. 1955. Dublín),"Transactions of the International Astronomical Union. Vol. IX, [Ninth General Assembly held at Dublin, 1955]",[Cambridge] : [Cambridge University Press],1955,Unión Astronómica Internacional - Asambleas; Astronomía - Congresos
1.1.10,P2-3,International Astronomical Union. General Assembly (10ª. 1958. Moscú),"Transactions of the International Astronomical Union. Vol. X, [Tenth General Assembly held at Moscow, 1958]",[Cambridge] : [Cambridge University Press],1958,Unión Astronómica Internacional - Asambleas; Astronomía - Congresos
1.1.11,P2-3,International Astronomical Union. General Assembly (11ª. 1961. Berkeley),"Transactions of the International Astronomical Union. Vol. XIA, Reports on astronomy",[New York ; London] : Academic Press,1961,Unión Astronómica Internacional - Asambleas; Astronomía - Informes
1.1.12,P2-3,International Astronomical Union. General Assembly (11ª. 1961. Berkeley),"Transactions of the International Astronomical Union. Vol. XIB, Proceedings of the Eleventh General Assembly, Berkeley 1961",[New York ; London] : Academic Press,1961,Unión Astronómica Internacional - Asambleas; Astronomía - Congresos
1.1.13,P2-3,International Astronomical Union. General Assembly (12ª. 1964. Hamburgo),"Transactions of the International Astronomical Union. Vol. XIIA, Reports on astronomy",[New York ; London] : Academic Press,1964,Unión Astronómica Internacional - Asambleas; Astronomía - Informes
1.1.14,P2-3,International Astronomical Union. General Assembly (12ª. 1964. Hamburgo),"Transactions of the International Astronomical Union. Vol. XIIB, Proceedings of the Twelfth General Assembly, Hamburg 1964",[New York ; London] : Academic Press,1964,Unión Astronómica Internacional - Asambleas; Astronomía - Congresos
1.1.15,P2-3,International Astronomical Union. General Assembly (12ª. 1964. Hamburgo),"Transactions of the International Astronomical Union. Vol. XIIC, Astronomer's handbook",[New York ; London] : Academic Press,1966,Unión Astronómica Internacional - Asambleas; Astronomía - Manuales
1.1.16,P2-3,International Astronomical Union. General Assembly (12ª. 1964. Hamburgo),"Transactions of the International Astronomical Union. Vol. XIIC, Astronomer's handbook",[New York ; London] : Academic Press,1966,Unión Astronómica Internacional - Asambleas; Astronomía - Manuales
1.1.17,P2-3,International Astronomical Union. General Assembly (13ª. 1967. Praga),"Transactions of the International Astronomical Union. Vol. XIIIA, Reports on astronomy",[Dordrecht] : D. Reidel,1967,Unión Astronómica Internacional - Asambleas; Astronomía - Informes
1.1.18,P2-3,International Astronomical Union. General Assembly (13ª. 1967. Praga),"Transactions of the International Astronomical Union. Vol. XIIIB, Proceedings of the Thirteenth General Assembly, Prague 1967",[Dordrecht] : D. Reidel,1967,Unión Astronómica Internacional - Asambleas; Astronomía - Congresos
1.1.20,P2-3,International Astronomical Union. General Assembly (14ª. 1970. Brighton),Transactions of the International Astronomical Union [Vol. XIVB] : Proceedings of the fourteenth general assembly,Dordrecht [etc.] : D. Reidel,1971,Unión Astronómica Internacional - Asambleas; Astronomía - Congresos
1.1.39,P2-3,International Astronomical Union. General Assembly (20ª. 1988. Baltimore),"Transactions of the International Astronomical Union [Vol. XXB] : Proceedings of the twentieth general assembly, Baltimore, 1988",Dordrecht [etc.] : Kluwer Academic Publ.,1990,Unión Astronómica Internacional - Asambleas; Astronomía - Congresos
T-1,T1,"Bakulin, P. I.",Curso de astronomía general,Moscú : Mir,1987,Astronomía - Manuales
T-2,T1,"Abetti, Giorgio",Historia de la astronomía,México [etc.] : Fondo de Cultura Económica,1966,Astronomía - Historia
T-3,T1,"Romañá, Antonio",Los atrayentes problemas de la moderna astronomía,Madrid : Redención,1940,Astronomía - Divulgación
T-5,T1,"Vives, Teodoro J.",Astronomía de posición : espacio y tiempo,Madrid [etc.] : Alhambra,1971,Astronomía de posición; Tiempo
T-6,T1,"Heiskanen, Weikko A.",Geodesia física,Madrid : Instituto Geográfico Nacional : Instituto de Astronomía y Geodesia,1985,Geodesia física
T-7,T1,Asociación Española para el Progreso de las Ciencias. Congreso (Sevilla),Congreso de Sevilla,Madrid : Imprenta de Eduardo Arias,1919,Ciencia - Congresos - España
T-8,T1,"Layzer, David",Construcción del universo,Barcelona : Prensa Científica,1989,Cosmología; Universo
T-9,T1,"Estradé Rodoreda, S.",Astronáutica,Barcelona : Labor,1970,Astronáutica
T-10,T1,"Danjon, André",Astronomie générale astronomie sphérique et éléments de mécanique céleste,Paris : J. & R. Sennac,1952,Astronomía esférica; Mecánica celeste
T-11,T1,"Turriano, Juanelo (ca. 1501-1575)",Breve discurso a su Majestad el Rey Católico en torno a la reducción del año y reforma del calendario : con la explicación de los instrumentos inventados para enseñar su uso en la práctica,Madrid : Castalia ; Fundación Juanelo Turriano,1990,Calendario - Reforma; Astronomía - Instrumentos - Historia
T-12,T1,"Struve, Otto",Elementary astronomy,New York : Oxford University Press,1959,Astronomía - Manuales
T-13,T1,"Struve, Otto",Astronomie : einführung in ihre grundlagen,Berlin : Walter de Gruyter & Co,1963,Astronomía - Manuales
T-14,T1,"Williams, Kenneth P.",The calculation of the orbits of asteroids and comets,"Bloomington, Ind. : The Principia press",1934,Órbitas - Cálculo; Asteroides; Cometas
T-15,T1,"Hoyle, Fred",L'astronomie,Paris : Éditions du Pont Royal,1963,Astronomía - Divulgación
T-16,T1,"Pecker, Jean-Claude",La nouvelle astronomie : science de l'univers,Paris [etc.] : Hachette,1971,Astronomía; Universo
T-17,T1,Universidad Politécnica de Madrid. Escuela Universitaria de Ingeniería Técnica Topográfica,Apuntes de astronomía,Madrid : Universidad Politécnica de Madrid. Escuela Universitaria de […],1977,Astronomía - Manuales
T-18,T1,Universidad Politécnica de Madrid. Escuela Universitaria de Ingeniería Técnica Topográfica,Apuntes de astronomía,Madrid : Universidad Politécnica de Madrid. Escuela Universitaria de […],1977,Astronomía - Manuales
T-19,T1,"Guérin, Pierre",Planètes et satellites : mondes de l'espace,Paris : Larousse,1967,Planetas; Satélites naturales
T-20,T1,España. Ministerio de Cultura. Dirección General de Bellas Artes y Archivos,"Instrumentos astronómicos en la España medieval : su influencia en Europa [Sta Cruz de la Palma, Convento de S. Francisco, Junio-Julio 1985]",ST. Cruz de Tenerife : Ministerio de Cultura,1985,Astronomía - Instrumentos - Historia; Astronomía - España - Historia
T-21,T1,"Aitken, Robert Grant",The binary stars,"New York, London : McGraw Hill Book Company",1935,Estrellas dobles
T-22,T1,"Heiskanen, W. A.",The earth and its gravity field,New York : McGraw-Hill,1958,Geodesia física; Gravedad
T-24,T1,"Torroja y Caballé, Eduardo (1847-1918)",Teoría geométrica de las líneas alabeadas y de las superficies desarrollables,Madrid : [s. n.] (Imprenta de Fortanet),1904,Geometría diferencial; Curvas; Superficies
T-27,T1,"Vilar, Juan Bautista (1941-)","Mapas, planos y fortificaciones hispánicos de Marruecos (S. XVI-XX) = Cartes, plans et fortifications hispaniques du Maroc, (XVIe-XXe S.)",Madrid : Instituto de Cooperación con el Mundo Arabe,1992,Cartografía - Historia; Mapas antiguos - Marruecos; Fortificaciones
T-28,T1,"Vilchis, Jaime",Ciencia y técnica entre Viejo y Nuevo Mundo. Siglos XV-XVIII : [catálogo de la exposición celebrada en Madrid en el Palacio de Velázquez durante los meses de junio-agosto de 1992],Madrid : Sociedad Estatal Quinto Centenario ; Ministerio […],1992,Ciencia - Historia; Tecnología - Historia; América - Descubrimiento
T-29,T1,Comité Français de Cartographie,Geographie du monde au Moyen Age et à la Renaissance : [travaux présentés en septembre 1987 `a la 12 Conférence Internationale d'Histoire de la Cartographie organisée à Paris],"Paris : Ministère de l'Education Nationale, de la Jeunesse et des […]",1989,Cartografía - Historia; Geografía - Historia
T-30,T1,"Laguarda Trías, Rolando A.",Fundamentación histórica del descubrimiento de América : (las tablas de coordenadas geograficas compiladas en la España medieval),Montevideo : [s.n.],1988,Coordenadas geográficas - Historia; América - Descubrimiento; Cartografía - Historia
T-31,T1,Gesellschaft für Photogrammetrie,Mehrsprachiges Wörterbuch für Photogrammetrie,Berlin : Gesellschaft für Photogrammetrie. Sektion Deutschland,1927,Fotogrametría - Diccionarios; Diccionarios - Plurilingües
T-32,T1,"González de Posada, Francisco","Cosmología : en torno a Galileo, 1993",Madrid : Ayuntamiento de Pozuelo de Alarcón ; Patronato Municipal de […],1993,"Cosmología; Galilei, Galileo"
T-34,T1,"González de Posada, Francisco","Cosmología : física, filosofía, religión",Madrid : Ayuntamiento de Pozuelo de Alarcón ; Patronato Municipal de […],1993,Cosmología; Ciencia y religión; Filosofía de la ciencia
T-35,T1,"Sans Huelin, Guillermo",La comisión permanente de pesas y medidas : resumen histórico,Madrid : Inst. Geográfico y Catastral,1947,Metrología - Historia; Pesas y medidas
T-36,T1,Instituto Geográfico Nacional (España),Doscientos años del Observatorio Astronómico de Madrid,Madrid : Asociación de Amigos del Observatorio,1992,Observatorio Astronómico de Madrid - Historia; Observatorios astronómicos
T-37,T1,"Cervera Vera, Luis",El auténtico contorno de la muralla de Madrigal de las Altas Torres (Avila),Madrid : Alpuerto,1993,"Planos de ciudades - Madrigal de las Altas Torres; Cartografía - España - Historia; Coello, Francisco; Murallas"
T-38,T1,"Atienza Rivero, Emilio","El general Herrera : aeronáutica, milicia y política en la España contemporánea",[Madrid] : AENA,1994,"Herrera, Emilio; Aeronáutica - España - Historia"
T-39,T1,Biblioteca Nacional (España),La historia en los mapas manuscritos de la Biblioteca Nacional,Madrid : Ministerio de Cultura,1984,Mapas manuscritos - Catálogos; Cartografía - Historia
T-40,T1,"Snyder, John P.",Map projections : a working manual,Washington : United States Government Printing Office,1987,Proyecciones cartográficas
T-42,T1,"Erickson, Jon",La exploración de la tierra desde el espacio,Madrid [etc.] : McGraw-Hill,1991,Teledetección; Tierra
T-44,T1,"Sánchez del Río y Sierra, Carlos (1924-)",Los principios de la física en su evolución histórica,Madrid : Universidad Complutense,1986,Física - Historia
T-45,T1,"Berroth, Alfred",Kosmische geodäsie,Karlsruhe : Verlag G. Braun.,1960,Geodesia por satélite; Astronomía geodésica
T-46,T2,"Apfel, Necia H.",Architecture of the universe,Menlo Park (California) : Benjamin/Cummings Pub. Co.,1979,Universo; Astronomía - Divulgación
T-47,T2,"Le Galley, Donald P.",Space science,"New York, London : John Willey & Sons, Inc.",1963,Investigación espacial
T-48,T2,"Berkner, Lloyd V.",Science in space,New York [etc.] : MacGraw-Hill,1961,Investigación espacial
T-49,T2,"Imhof, Eduard",Schweizerischer Mittelschulatlas,Zurich : Herausgegeben von der Konferenz der kantonalen […],1955,Atlas
T-51,T2,Instituto Geográfico Nacional (España),La imagen del mundo : 500 años de cartografía,Madrid : Instituto Geografico Nacional,1992,Cartografía - Historia; Mapas antiguos
T-52,T2,"Suárez, Thomas",Shedding the veil : mapping the European discovery of America and the world,Singapore [etc.] : World Scientific,1992,Cartografía - Historia; América - Descubrimiento
T-53,T2,Biblioteca Nacional (España),"Los beatos : [exposición de la Biblioteca Nacional], junio-septiembre 1986",Madrid : Biblioteca Nacional,1986,Beatos (manuscritos); Manuscritos iluminados - Exposiciones
T-54,T2,"Harley, J. B.",History of cartography,Chicago ; London : The University of Chicago Press,1987,Cartografía - Historia
T-55,T2,"Bagrow, Leo",History of cartography,Chicago : Procedent Publishing,1985,Cartografía - Historia
T-56,T2,International Cartographic Association,Basic cartography : for students and technicians,[S.l.] : International Cartographic Association,1984,Cartografía - Manuales
T-57,T2,"Harley, J. B.","Maps and the Columbian encounter : an interpretative guide to the travelling exhibition, American Geographical Society Collection, Milwaukee...[et al.]","Milwaukee : the Golda Meir Library, University of Wisconsin",1990,Cartografía - Historia; América - Descubrimiento
T-58,T2,"Böhme, Rolf",Inventory of world topographic mapping,London ; New York : published on behalf of the International […],1989,Mapas topográficos; Cartografía
T-59,T2,"Lorenzo Martínez, Ramón",Cartografía de Galicia 1522-1900 : bicentenario de Domingo Fontán Rodríguez 1788-1988,Madrid : Instituto Geográfico Nacional,1988,"Cartografía - Galicia - Historia; Fontán, Domingo"
T-60,T2,"Sanz, Carlos",Mapas antiguos del mundo : siglos XV-XVI,Madrid : [s.n.] (Gráf. Yagües),1961,Mapas antiguos; Cartografía - Historia
T-61,T2,"Sanz, Carlos",Mapas antiguos del mundo : siglos XV-XVI,"Madrid : Gráficas Yagües, S.L.",1962,Mapas antiguos; Cartografía - Historia
T-64,T2,"Sanz, Carlos","La geographia de Ptolomeo : ampliada con los primeros mapas impresos de América (desde 1507) : estudio bibliográfico y crítico, con el catálogo de las ediciones aparecidas desde 1475 a 1883, comentado e ilustrado, numerosos […]",Madrid : Librería General Victoriano Suárez,1959,Ptolomeo; Mapas antiguos - América; Cartografía - Historia
T-69,T2,Instituto Juan Sebastián Elcano,Estudios geográficos : homenaje a la memoria de D. Amando Melón,Madrid : Instituto Juan Sebastián Elcano,1977,Geografía - Homenajes
T-70,T2,Instituto Juan Sebastián Elcano,Estudios geográficos : homenaje a la memoria de D. Amando Melón,Madrid : Instituto Juan Sebastián Elcano,1977,Geografía - Homenajes
T-71,T2,"Colón, Fernando (1488-1539)",Descripción y cosmografía de España : manuscrito de la Biblioteca Colombina dado a luz ahora por primera vez en virtud del acuerdo de la Real Sociedad Geográfica,"Madrid : Patronato de Huérfanos de la Administración Militar, […]",1908,Geografía - España - Historia; Cosmografía
T-72,T2,"Tisserand, François Félix",Leçons de cosmographie,Paris : Armand Colin,1929,Cosmografía; Astronomía - Manuales
T-75,T2,"Cortés Alonso, Vicenta",Archivos de España y América : materiales para un manual,Madrid : Editorial de la Universidad Complutense,1979,Archivos - España; Archivos - América
T-76,T2,"Ortega Villazán, Mª Teresa",El clima del sector norte de la Cordillera Ibérica : estudio geográfico de la Sierra de la Demanda a la del Moncayo,Valladolid : Secretaría de Publicaciones. Universidad de […],1992,Climatología - Sistema Ibérico
T-77,T2,"Huerta, Fernando",Bibliografía meteorológica española,Madrid : Instituto Nacional de Meteorología,1975,Meteorología - Bibliografía - España
T-78,T2,"Eraso, Adolfo",Cuevas en hielo y ríos bajo los glaciares,Madrid [etc.] : McGraw-Hill,1992,Cuevas; Glaciares
T-79,T2,United States. National Aeronautics and Space Administration,"Space transportation system and associated payloads : glossary, acronyms, and abbreviations","Washington : NASA, Scientific and Technical Information Branch",1985,Astronáutica - Diccionarios; Transbordador espacial
T-80,T2,"La Condamine, Charles-Marie de (1701-1774)",Viaje a la América meridional,Madrid : Espasa-Calpe,1962,Meridiano - Medición; Viajes - América del Sur
T-81,T2,"Rey Pastor, Julio",La ciencia y la técnica en el descubrimiento de América,Madrid : Espasa-Calpe,1970,Ciencia - Historia; América - Descubrimiento
T-82,T2,"Cortés, Hernán (1485-1547)",Cartas de relación de la conquista de México,Madrid : Espasa-Calpe,1982,México - Conquista; América - Historia
T-83,T2,"Babini, José",Historia sucinta de la matemática,Madrid : Espasa-Calpe,1969,Matemáticas - Historia
T-84,T2,"Arago, Francisco",Grandes astrónomos : (de Newton a Laplace),Buenos Aires : Espasa Calpe,1945,Astrónomos - Biografías; Astronomía - Historia
T-85,T2,"Schiaparelli, Juan V.",La astronomía en el Antiguo Testamento,Madrid : Espasa Calpe,1969,Astronomía - Historia; Biblia
T-86,T2,"Papp, Desiderio",Más allá del sol... : [(la estructura del universo)],Buenos Aires : Espasa Calpe,1944,Universo; Astronomía - Divulgación
T-87,T2,"Newton, Isaac, Sir (1642-1727)",Isaac Newton,[Buenos Aires] : Espasa-Calpe,1943,"Newton, Isaac; Física - Historia"
T-88,T2,"Azara, Félix de (1742-1821)",Viajes por la América meridional,Madrid : Espasa Calpe,1969,Viajes - América del Sur; Historia natural
T-89,T2,"Poincaré, Henri",La ciencia y la hipótesis,Buenos Aires : Espasa-Calpe,1943,Filosofía de la ciencia
T-90,T2,"Arago, Francisco",Grandes astrónomos anteriores a Newton,Buenos Aires : Espasa-Calpe,1944,Astrónomos - Biografías; Astronomía - Historia
T-91,T2,"Aller Ulloa, Ramón Mª (1878-1966)",Introducción a la astronomía,Madrid : Consejo Superior de Investigaciones […],1957,Astronomía - Manuales
T-92,T2,"Brandt, John C.",New horizons in astronomy,San Francisco : W. H. Freeman and Company,1972,Astronomía - Divulgación
T-93,T2,"Mueller, Ivan I.",Spherical and practical astronomy : as applied to geodesy,New York : Frederick Ungar Publishing Co.,1969,Astronomía esférica; Astronomía geodésica
T-94,T2,"Mehlin, Theodore G.",Astronomy,New York : Wiley,1959,Astronomía - Manuales
T-95,T3,"Jones, Harold Spencer, Sir",General astronomy,London : Edward Arnold,1951,Astronomía - Manuales
T-96,T3,"Russell, Henry Norris",Astronomy : a revision of young's manual of astronomy,Boston [etc.] : Ginn and Company,1945,Astronomía - Manuales
T-97,T3,"Russell, Henry Norris",Astronomy : a revision of young's manual of astronomy,Boston [etc.] : Ginn and Company,1945,Astronomía - Manuales
T-98,T3,"Febrer Carbo, J.",Lecciones de astronomía elemental : propias para los cursos de astronomía general de las facultades de ciencias,Barcelona : ed. Reverte,1948,Astronomía - Manuales
T-99,T3,"Moulton, Forest Ray",An introduction to celestial mechanics,New York : The Macmillan Company,1947,Mecánica celeste
T-100,T3,"Brecher, Kenneth",Astronomy of the ancients,"Cambridge, Massachusetts : The MIT Press",1979,Arqueoastronomía; Astronomía - Historia
T-101,T3,,The moon : or selenology in its various aspects,Geneva [etc.] : Nagel Publishers,1970,Luna
T-102,T3,"Vernet Ginés, Juan",La cultura hispanoárabe en Oriente y Occidente,Barcelona : Ariel,1978,Cultura árabe - España; Ciencia árabe - Historia
T-103,T3,"Varela, Mª Isabel",La expansión del Islam,Madrid : Compañía Europea de Comunicación e […],1991,Islam - Historia
T-104,T3,"Kuhn, Thomas S.",La revolución copernicana : la astronomía planetaria en el desarrollo del pensamiento occidental,Barcelona : Editorial Ariel,1978,"Astronomía - Historia; Copérnico, Nicolás"
T-105,T3,"Couderc, Paul",L'astrologie,Paris : Presses Univ. de France,1951,Astrología
T-107,T3,"Torroja Miret, José María",Las Repúblicas Hispano-Americanas y la exploración de las regiones polares,Madrid : (Madrid: Tall. Gráf. de E. Giménez),1928,Regiones polares - Exploración; Hispanoamérica
T-110,T3,"Feijoo, Benito Jerónimo (1676-1764)",Teatro crítico universal,Madrid : Espasa-Calpe,1968,Ensayos (literatura); Ilustración (España)
T-111,T3,"Hamel, Jürgen",Astronomie in alter Zeit,Berlin-Treptow : Archenhold-Sternwarte,1981,Astronomía - Historia
T-112,T3,"Toharia Cortés, Manuel",Astrología : ¿ciencia o creencia?,Madrid [etc.] : McGraw-Hill,1992,Astrología
T-113,T3,"Becker y González, Jerónimo",Los estudios geográficos en España : (ensayo de una historia de la geografía),Madrid : S. Ratés,1917,Geografía - España - Historia
T-114,T3,"Real Academia de Ciencias Exactas, Físicas y Naturales (España)",Homenaje al prof. d. Manuel Lora-Tamayo : con motivo de su 70 aniversario,"Madrid : Real Academia de Ciencias Exactas, Fisicas y Naturales",1975,"Lora Tamayo, Manuel; Ciencia - Homenajes"
T-115,T3,"Entrambasaguas, Joaquín de",Grandeza y decadencia de la Universidad Complutense,Madrid : Artigrafía,1972,Universidad Complutense de Madrid - Historia
T-116,T3,"Guillén Tato, Julio F. (1897-1972)",Los tenientes de navío Jorge Juan y Santacilia y Antonio de Ulloa y de la Torre-Guiral y la medición del meridiano,Madrid : [s.n.],1936,"Juan, Jorge; Ulloa, Antonio de; Meridiano - Medición; Geodesia - Historia"
T-117,T3,"Vera, Francisco (1888-1967)",Los historiadores de la matemática española,Madrid : Victoriano Suárez,1935,Matemáticas - España - Historia
T-118,T3,"López Piñero, José María (1933-2010)",Materiales para la historia de las ciencias en España : s. XVI-XVII,Valencia : Pre-Textos,1976,Ciencia - España - Historia
T-120,T3,"Ibáñez de Ibero, Carlos (1825-1891)",Nuevo aparato para medir bases geodésicas,Madrid : [s.n.],1869,Bases geodésicas - Medición; Geodesia - Instrumentos
T-121,T3,"Sánchez Pérez, José Augusto",Biografías de matemáticos árabes que florecieron en España,Madrid : [s.n.] (Estanislao Mestre),1921,Matemáticos árabes - Biografías; Matemáticas - Historia
T-122,T3,"Sánchez Pérez, José Augusto",La ciencia árabe en la Edad Media,Madrid : Instituto de Estudios Africanos,1954,Ciencia árabe - Historia
T-123,T3,"Ibn Ezra, Abraham",El libro de los fundamentos de las Tablas astronómicas de R. Abraham Ibn 'Ezra,Madrid ; Barcelona : Consejo Superior de Investigaciones […],1947,Tablas astronómicas; Astronomía - Historia
T-124,T3,"Adamczewski, Jan",Nicolás Copérnico y su época,Varsovia : Interpress,1972,"Copérnico, Nicolás; Astronomía - Historia"
T-125,T3,"Massey, Harrie, Sir",Scientific research in space : eight lectures delivered by members of the Department of Physics at University College in the University of London,London : Elek Books,1964,Investigación espacial
T-126,T3,"Lewis, Richard S.",Space in the 21st century,New York : Columbia University Press,1990,Investigación espacial
T-127,T3,United States. National Aeronautics and Space Administration,Dictionary of technical terms for aerospace use,Washington : NASA,1965,Astronáutica - Diccionarios
T-128,T3,"Novo y Fernández Chicarro, Pedro de (1884-1953)",Diccionario de voces usadas en geografía física : con 4.400 voces y mas de 5.000 acepciones,Madrid : Real Sociedad Geografica,1949,Geografía física - Diccionarios
T-129,T3,"Casares, Julio (1877-1964)",Diccionario ideológico de la lengua española : desde la idea a la palabra; desde la palabra a la idea,"Barcelona : Edit. Gustavo Gili, S.A.",1942,Diccionarios - Español
T-130,T3,"Kendall, Maurice G.",Diccionario de términos estadísticos,Rosario (Argentina) : Comisión de Educación Estadística del Instituto […],1959,Estadística - Diccionarios
T-131,T3,"Lugo Hubp, José","Diccionario geomorfológico : con equivalentes de los términos de uso más común en alemán, francés, inglés y ruso",México : Universidad Nacional Autonoma de Mexico,1989,Geomorfología - Diccionarios
T-132,T3,"Huschke, Ralph E.",Glossary of meteorology,"Boston, Massachusetts : American Meteorological Society",1959,Meteorología - Diccionarios
T-133,T3,"Schubert, Joachim","Dictionary of effects and phenomena in physics : descriptions, applications, tables",Weinheim ; New York : VCH,1987,Física - Diccionarios
"T-134 (vols. (1), (2), (3), (4), (5))",T3,Haskoning S.A.,Diccionario de términos medioambientales,Madrid : Area Editorial Diario Expansión,1992,Medio ambiente - Diccionarios
T-135,T3,"Puyol Antolín, Rafael",Diccionario de geografía,Madrid : Anaya,1986,Geografía - Diccionarios
T-136,T3,"Mitton, Jacqueline",A concise dictionary of astronomy,Oxford [etc.] : Oxford University Press,1991,Astronomía - Diccionarios
T-137,T4,"Cuyás, Arturo",Appleton's new Spanish-English and English-Spanish dictionary (successor to Velázquez's abridged dictionary) = Nuevo diccionario español-inglés é inglés-español de Appleton (en substitución del diccionario compendiado de […],New York : D Appleton and company,1908,Diccionarios - Inglés-español
T-138,T4,"Martínez Amador, Emilio M.",Diccionario manual alemán-español...,Barcelona : Hymsa,1942,Diccionarios - Alemán-español
T-139,T4,"Vogel, Eberhard","Langenscheidts Taschenwörterbuch der spanischen und deutschen Sprache : mit Angabe der Aussprache nach dem System der Methode Toussaint-Langenscheidt. Zweiter Teil, Deutsch-Spanisch. 18. Auflage",Berlin-Schöneberg : Langenscheidtsche Verlagsbuchhandlung (Prof. G. Langenscheidt),1927,Diccionarios - Alemán-español
T-140,T4,"Cuyás, Arturo","Diccionario inglés-español : según los grandes léxicos Oxford, Webster Standard, etc., y la última edición del de la Real Academia Española",Barcelona : Hymsa,1927,Diccionarios - Inglés-español
T-141,T4,"Basanta Campos, José Luis",Relojeros de España : diccionario bio-bibliográfico,[Pontevedra] : Museo de Pontevedra,1972,Relojeros - España - Diccionarios; Relojes - Historia
T-142,T4,"Keller, Harald",Dictionary of engineering acronyms and abbreviations,"London, England : Adamantine Press",1989,Ingeniería - Diccionarios; Siglas
T-143,T4,"Slaby, Rudolf J.",Diccionario de las lenguas española y alemana,Leipzig : Bernhard Tauchnitz,1932,Diccionarios - Alemán-español
T-144,T4,"Williamson, Mark",Dictionary of space technology,Bristol ; New York : Adam Hilger,1990,Astronáutica - Diccionarios
T-145,T4,"Jerrard, H. G.",Dictionary of scientific units : including dimensionless numbers and scales,London [etc.] : Chapman and Hall,1992,Unidades de medida - Diccionarios
T-146,T4,"Müller, Paul",Dictionnaire de l'astronomie,Paris : Larousse,1966,Astronomía - Diccionarios
T-147,T4,"Galiana Mingot, Tomás de",Dictionnaire de l'astronautique,Paris : Larousse,1964,Astronáutica - Diccionarios
T-149,T4,"Ordway, Frederick I.","Basic astronautics : an introduction to space science, engineering, and medicine","Englewood Cliffs, N. J. : Prentice-Hall",1962,Astronáutica; Investigación espacial
T-150,T4,"Moureu, Henri",Astronautique et recherche spatiale,Paris : Dunod,1964,Astronáutica; Investigación espacial
T-151,T4,,España,Madrid : Espasa-Calpe,1988,Ciencia - España; España - Enciclopedias
T-152,T4,"Vernet Ginés, Juan",Estudios sobre historia de la ciencia medieval,Barcelona : Universidad de Barcelona ; Universidad Autónoma […],1979,Ciencia medieval - Historia; Ciencia árabe - Historia
T-153,T4,"Juan, Jorge (1713-1773)",Relación histórica del viaje a la América meridional,Madrid : Fundacion Universitaria Española,1978,Viajes - América del Sur; Meridiano - Medición
T-154,T4,"Juan, Jorge (1713-1773)",Relación histórica del viaje a la América meridional,Madrid : Fundacion Universitaria Española,1978,Viajes - América del Sur; Meridiano - Medición
T-155,T4,"Juan, Jorge (1713-1773)",Observaciones astronómicas y físicas hechas en los reinos del Perú,Madrid : Fundacion Universitaria Española,1978,Observaciones astronómicas; Meridiano - Medición; Geodesia - Historia
T-156,T4,"Pérez Ballestar, Jorge",Compendio de historia de la ciencia,Salamanca : Universidad de Salamanca ; Biblioteca […],1984,Ciencia - Historia
T-157,T4,Universidad Complutense de Madrid. Biblioteca,Catálogo de incunables,Madrid : Univ. Complutense,1974,Incunables - Catálogos
T-159,T4,"Slipher, Earl C.",A photographic study of the brighter planets,"Flagstaff, Arizona : Lowell Observatory",1964,Planetas - Fotografía
T-160,T4,"Rahe, Jürgen",Atlas of cometary forms : structures near the nucleus,Washington : National Aeronautics and Space Administration,1969,Cometas - Atlas
T-161,T4,United States. National Aeronautics and Space Administration,Earth photographs from Gemini VI through XII,Washington : NASA. Office of Technology Utilization,1968,Tierra - Fotografías desde el espacio
T-162,T4,"Nicks, Oran W.",This island earth,Washington : National Aeronautics and Space Administration,1970,Tierra - Fotografías desde el espacio
T-163,T4,"Slipher, Earl C.",The photographic story of Mars,"Cambridge, Massachusetts : Sky Publishing Corporation",1962,Marte (planeta) - Fotografía
T-165,T4,"Schoen, Th.","Langenscheidts Taschenwörterbuch der spanischen und deutschen Sprache. Erster Teil, Spanisch-Deutsch : mit Angabe der Aussprache nach dem phonetischen System der Methode Toussaint-Langenscheidt",Berlin-Schöneberg : Langenscheidt KG Verlagsbuchhandlung,1941,Diccionarios - Alemán-español
T-167,T4,United States. Joint Chiefs of Staff,Dictionary of military and associated terms : incorporating the NATO (North Atlantic Treaty Organization) and IADB (Inter-American Defense Board) dictionaries,"Washington, D.C. : The Joint Chiefs of Staff",1987,Ciencia militar - Diccionarios
T-168,T4,"Colón, Cristóbal",Diario de Colón : libro de la primera navegación y descubrimiento de las Indias,Madrid : Biblioteca Americana Vetustissima,1962,"Colón, Cristóbal; América - Descubrimiento"
T-169,T4,"Ball, L. de",Lehrbuch der sphärischen astronomie,Leipzig : Verlag Von Wilhelm Engelmann,1912,Astronomía esférica
T-170,T4,,Diccionario glosario de términos SIG,Madrid : Asociación Española de Sistemas de Información […],,Sistemas de información geográfica - Diccionarios
T-175,T4,"Ducrocq, Albert",Plate-forme pour le cosmos,París : René Julliard,1962,Astronáutica; Estaciones espaciales
T-176,T4,,The new space encyclopaedia : a guide to astronomy and space exploration,"New York : E. P. Dutton & Co., Inc.",1971,Astronomía - Enciclopedias; Investigación espacial
T-177,T5,"Kourganoff, V.",Dictionnaire russe-francais,Lille (Francia) : Laboratoire d'Astronomie,s.d.,Diccionarios - Ruso-francés
T-178,T5,"González González, Francisco José",El Observatorio de San Fernando : (1831-1924),[Madrid] : Ministerio de Defensa. Secretaría General Técnica,1992,Observatorio de San Fernando - Historia; Observatorios astronómicos
T-180,T5,"González, Nilda",Léxico hidrogeológico,"La Plata, Buenos Aires : Comisión de Investigaciones […]",1986,Hidrogeología - Diccionarios
T-183,T5,"Coyne, G. V.",Gregorian reform of the calendar : proceeding of the Vatican conference to commemorate its 400th anniversary 1582-1982,Città del Vaticano : Specola Vaticana,1983,Calendario gregoriano - Congresos; Calendario - Reforma
T-184,T5,,Centenario de la convención del metro : síntesis de la evolución metrológica y comentarios a las unidades del sistema internacional SI,Madrid : Comisión Nacional de Metrología y Metrotecnia,1975,Metrología; Sistema Internacional de Unidades
T-187,T5,"Gallez, Paul","La cola del dragón : América del Sur en los mapas antiguos, medievales y renacentistas",Bahía Blanca : Instituto Patagónico,1990,Mapas antiguos - América del Sur; Cartografía - Historia
T-188,T5,"Enebral Casares, Manuel","Radiaciones, gravitación y cosmología : termogravitación revisada",Madrid : Agrícola Española,1994,Gravitación; Cosmología
T-189,T5,"Vázquez Maure, Francisco",Lectura de mapas,Madrid : Instituto Geografico Nacional,1986,Mapas - Lectura; Cartografía
T-190,T5,"Zamorano, Rodrigo (1542-1620)",Arte de navegar,"[Madrid] : Ministerio de Educación y Ciencia, Dirección General de […]",1973,Navegación - Historia
T-191,T5,"Petkovšek, Zdravko",Meteoroloski terminoloski slovar,Ljubljana : Slovenska akademija znanosti in umetnosti Drustvo […],1990,Meteorología - Diccionarios
T-192,T5,Conseil International de la Langue Française,Vocabulaire des sciences et techniques spatiales,Paris : Maison du Dictionnaire,1978,Astronáutica - Diccionarios
T-193,T5,"Alzugaray Aguirre, Juan José",Voces extranjeras en el lenguaje tecnológico,Madrid : Alhambra,1979,Tecnología - Diccionarios; Extranjerismos
T-195,T5,"Childs, W. H. J.",Physical constants : selected for students,London : Chapman and Hall,1972,Constantes físicas
T-197,T5,Asociación Cartográfica Internacional. Comisión II,Multilingual dictionary of technical terms in cartography = Diccionario multilingüe de términos técnicos cartográficos,Wiesbaden : Franz Steiner Verlag Gmbh,1973,Cartografía - Diccionarios; Diccionarios - Plurilingües
T-198,T5,"Sheriff, Robert E.",Glosario de términos geofísicos : publicación preliminar,La Paz : Instituto Panamericano de Geografía e Historia,1970,Geofísica - Diccionarios
T-199,T5,"Miguel, Luis de",Glosario de geomagnetismo y aeronomía,Madrid : Instituto Geografico y Catastral,1974,Geomagnetismo - Diccionarios; Aeronomía - Diccionarios
T-200,T5,"Terradas, Esteban","Neologismos, arcaísmos y sinónimos en plática de ingenieros : [discurso de ingreso en la R. Academia Española: contestación de G. Marañon y Posadillo]",Madrid : S. Aguirre,1946,Ingeniería - Terminología; Lengua española
T-201,T5,"Faye, Hervé",Cours d'astronomie de l'école polytechnique,Paris : Gauthier-Villars,1881,Astronomía - Manuales
T-202,T5,"Bergamini, David",El universo,México : Offset multicolor,1980,Universo; Astronomía - Divulgación
T-203,T5,"Abell, George Ogden",Exploration of the universe,"New York [etc.] : Holt, Rinehart and Winston",1964,Astronomía - Manuales
T-204,T5,"Chauvenet, William","A manual of spherical and practical astronomy : embracing the general problems of spherical astronomy, the special applications to nautical astronomy, and the theory and use of fixed and portable astronomical […]",Philadelphia ; London : J. B. Lippincott ; Trubner,1876,Astronomía esférica; Astronomía náutica
T-205,T5,"Strömgren, Elis",Lehrbuch der astronomie,Berlin : Verlag von Julius Springer,1933,Astronomía - Manuales
T-206,T5,"Vernet Ginés, Juan",Textos y estudios sobre astronomía española en el siglo XIII,"Barcelona : Universidad Autonoma, Facultad de Filosofia y Letras",1981,Astronomía - España - Historia; Alfonso X
T-207,T5,"Soriano Viguera, José",Contribución al conocimiento de los trabajos astronómicos desarrollados en la escuela de Alfonso X el Sabio,Madrid : [s.n.] (Tip. de Alberto Fontana),1926,Astronomía - España - Historia; Alfonso X
T-209,T5,"Hermann, Dieter B.",A history of astronomy from Herschel to Hertzsprung,Cambridge : Cambridge University Press,1984,Astronomía - Historia
T-210,T5,"Mitchell, Samuel Alfred",Eclipses of the sun,New York : Columbia University Press,1951,Eclipses de sol
T-211,T5,"Vernet Ginés, Juan",Nuevos estudios sobre astronomía española en el siglo de Alfonso X,"Barcelona : Institución ""Milá y Fontanals"". Instituto de Filología",1983,Astronomía - España - Historia; Alfonso X
T-212,T5,"Letsch, Heinz",Das Zeiss-Planetarium,Jena : Veb Gustav Fischer Verlag,1955,Planetarios
T-213,T5,"Manuali, Bertrand",L'exploration spatiale,[s.l.] : Hermann,1967,Investigación espacial
T-214,T5,"Delaunay, Charles",Cours élémentaire d'astronomie,Paris : G. Masson [etc.],1876,Astronomía - Manuales
T-215,T5,"Martín Lorón, Mariano",Medida del tiempo,Madrid : [s.n.],1956,Tiempo - Medición
T-216,T5,"Martin, Charles-Noël",Les satellites artificiels,Paris : Presses universitaires de France,1958,Satélites artificiales
T-217,T5,"Tchijevski, Alexandre",L'aube de la conquête du cosmos,Moscú : Ed. du Progrès,1978,Astronáutica - Historia
T-218,T5,"Chambers, George F.","The story of eclipses : simply told for general readers. With special reference to the total eclipse of the sun of may 28, 1900","London : George Newnes, LTD.",1899,Eclipses de sol
T-220,T5,"Jespersen, James",Time & clocks : for the space age,New York : Atheneum,1979,Tiempo - Medición; Relojes
T-221,T5,"Sánchez Faba, Francisco","Sobre el programa ""post-Apolo"" de investigación espacial",Madrid : Escuela Gráfica Salesiana,1976,Investigación espacial
T-222,T5,"Watson, W.",Curso de física : incluyendo un apéndice acerca de la teoría de la relatividad,Barcelona : Editorial Labor,1932,Física - Manuales; Relatividad
T-223,T5,,The universal encyclopedia of mathematics,New York : Simon and Schuster,1964,Matemáticas - Enciclopedias
T-224,T5,"Kovalevsky, Jean",Introduction à la mécanique céleste,Paris : Librairie Armand Colin,1963,Mecánica celeste
T-225,T5,"Andoyer, Henri",L'oeuvre scientifique de Laplace,Paris : Payot,1922,"Laplace, Pierre Simon; Mecánica celeste - Historia"
T-226,T6,"Denègre, J.",Thematic mapping from satellite imagery = cartographie thématique dérivée des images satellitaires : an international report = rapport international,London New York : Published on behalf of the International […],1988,Cartografía temática; Teledetección
T-227,T6,Consejo Superior Geográfico (España),"Cartografía histórica del cincuentenario : atlas catalán 1.375, iniciador del renacimiento cartográfico : carta de Juan de la Cosa, 1500",Madrid : Presidencia del Gobierno,1974,Cartografía - Historia; Mapas antiguos
T-228,T6,,Cinco siglos de cartografía militar española,Madrid : Cuartel General del Ejército,1982,Cartografía militar - España - Historia
T-229,T6,"Alonso Baquer, Miguel",Aportación militar a la cartografía española en la historia contemporánea : reproducciones cartográficas,"Madrid : Instituto de Geografía Aplicada, Patronato Alonso de […]",1972,Cartografía militar - España - Historia
"T-230 (y I, II, III, IV, V)",T6,España. Servicio Geográfico del Ejército. Sección de Documentación,Cartoteca histórica,[Madrid] : Servicio Geográfico del Ejército,1974,Mapas - Catálogos; Cartografía - España - Historia
T-231,T6,"Wallis, Helen M.",Cartographical innovations : an international handbook of mapping terms to 1900,[London] : Map Collector Publications International […],1987,Cartografía - Historia - Diccionarios
T-232,T6,Cicle de Conferències sobre Història de la Cartografia (2º. 1991. Barcelona),La cartografia de la Península Ibèrica i la seva extensió al continent americà,Barcelona : Institut Cartogràfic de Catalunya,1991,Cartografía - Península Ibérica - Historia; Cartografía - América - Historia
T-233,T6,Cicle de Conferències sobre Història de la Cartografia (1º. 1990. Barcelona),"Introducció general a la història de la cartografia : I cicle de conferències, 1990, Barcelona",Barcelona : Institut Cartogràfic de Catalunya,1990,Cartografía - Historia
T-234,T6,"Sanz, Carlos","El primer mapa del mundo con la representación de los dos hemisferios, concebido por Macrobio : estudio crítico y bibliográfico de su evolución",Madrid : [s.n.],1966,Mapas antiguos; Cartografía - Historia
T-235,T6,"Sanz, Carlos",Cartografía histórica de los descubrimientos australes,Madrid : Real Sociedad Cartográfica,1967,Cartografía - Historia; Descubrimientos geográficos
T-236,T6,"Rey Pastor, Julio",La cartografía mallorquina,"Madrid : Departamento de Historia y Filosofía de la Ciencia, Instituto […]",1960,Cartografía - Mallorca - Historia
T-237,T6,"Gavira Martín, José",Manual de cartografía,Madrid : Escelicer,[194-],Cartografía - Manuales
T-238,T6,"Joly, Fernand",La cartografía,"Villassar de Mar, Barcelona",1988,Cartografía
T-239,T6,España. Servicio Geográfico del Ejército. Escuela de Geodesia y Topografía,Complementos de geodesia matemática,Madrid : Servicio Geográfico del Ejército,1958,Geodesia matemática
T-240,T6,"Mueller, Ivan I.",Introduction to satellite geodesy,New York : Frederick Ungar Publishing Co.,1964,Geodesia por satélite
T-242,T6,"Paladini Cuadrado, Angel",Apuntes de geodesia,Madrid : Servicio Geográfico del Ejército,1981,Geodesia - Manuales
T-243,T6,Instituto Geográfico y Estadístico (España),"Valores trigonométricos aproximados : redes geodésicas de 1º, 2º y 3er orden de España, provincia de Ciudad Real",Madrid : Instituto Geográfico y Estadístico,1896,Redes geodésicas - España; Triangulación
T-244,T6,"Mifsut y Macon, Arturo",Geodesia y cartografía,Madrid : Talleres del Depósito de la Guerra [s.n.],1905,Geodesia; Cartografía
T-247,T6,"Ibáñez de Ibero, Carlos (1825-1891)",Estudios sobre nivelación geodésica,Madrid : Imprenta y estereotipia de M. Rivadeneyra,1864,Nivelación
T-248,T6,"Vela y Herranz, Antonio (1865-1927)",Introducción al estudio de la astronomía esférica,Madrid : [s.n.],1923,Astronomía esférica
T-250,T6,,Figura de la tierra,[S.l.] : s.n.,s.a.,Tierra - Figura
T-251,T6,"Vernet Ginés, Juan",Historia de la ciencia española,"Madrid : Instituto de España. Cátedra ""Alfonso X el Sabio""",1975,Ciencia - España - Historia
T-252,T6,Encuentro Hispanoamericano de Historia de las Ciencias (2º. 1990. Buenos Aires),"II Encuentro hispanoamericano de historia de las ciencias : Buenos Aires, República Argentina, 10 al 16 de septiembre de 1990","Buenos Aires : RACEFN, ANCEFN",1991,Ciencia - Historia - Congresos
T-253,T6,"Justel Calabozo, Braulio",La Real Biblioteca de El Escorial y sus manuscritos árabes : sinopsis histórico-descriptiva,Madrid : Instituto Hispano-Arabe de Cultura,1978,Manuscritos árabes; Biblioteca de El Escorial
T-254,T6,"González de Posada, Francisco",Conmemoración en Cantabria del cincuentenario de la muerte (1936-1986) de Leonardo Torres Quevedo,Santander : Amigos de la cultura científica,1989,"Torres Quevedo, Leonardo"
T-255,T6,"Tinoco, José",Apuntes para la historia del Observatorio de Madrid,Madrid : Instituto Geográfico y Catastral,1951,Observatorio Astronómico de Madrid - Historia; Observatorios astronómicos
T-258,T6,,El proyecto geodinámico en España : curso de conferencias celebrado en los meses de enero a marzo de 1978,"Madrid : Real Academia de Ciencias Exactas, Físicas y Naturales",1979,Geodinámica - España
T-259,T6,"Giret, André",L'astronomie actuelle et la notion de Dieu,Paris : Paillard,1956,Astronomía y religión
T-260,T6,"Vives, Teodoro J.",El tamaño del universo,Madrid : Equipo Sirius,1994,Universo; Distancias astronómicas
T-261,T6,"Ball, Robert Stawell",La historia de los cielos : tratado popular de astronomía,Barcelona : Establecimiento Tipolitográfico Editorial de Ramón Molinas,1900,Astronomía - Divulgación
T-264,T6,"Martín Martín, Teodoro",Estudio de dos ciudades : Bizancio y Madrid,Madrid : Teodoro Martín Martín,1993,Bizancio - Historia; Madrid - Historia
T-265,T6,"Conrotte, Manuel",España y los países musulmanes durante el ministerio de Floridablanca,Madrid : Imprenta del Patronato de Huérfanos de Administración […],1909,España - Historia - Siglo XVIII; Países musulmanes
T-266,T6,"Vernet Ginés, Juan",La transmisión de algunas ideas científicas de Oriente a Occidente y de Occidente a Oriente en los siglos XI-XIII,Roma : Unione Internazionale degli Istituti di Archeologia […],1992,Ciencia medieval - Historia; Ciencia árabe - Historia
T-267,T6,"Ramón y Cajal, Santiago (1852-1934)",Los tónicos de la voluntad,Madrid : Consejo Superior de Investigaciones […],1982,Investigación científica; Ciencia - Ensayos
T-268,T6,"Dantín Cereceda, Juan",Exploradores y conquistadores de Indias : relatos geográficos,Madrid : Instº Escuela. Junta para Ampliación de Estudios,1934,Exploradores - América; Descubrimientos geográficos
T-269,T6,"Vernet Ginés, Juan",Astrología y astronomía en el renacimiento : la revolución copernicana,Barcelona : Ariel,1974,Astrología - Historia; Astronomía - Historia
T-271,T6,"García Camarero, Ernesto",La polémica de la ciencia española,Madrid : Alianza,1970,Ciencia - España - Historia
T-272,T6,"Asimov, Isaac (1920-1992)",De Saturno a Plutón,Madrid : Alianza,1986,Planetas
T-273,T6,"Battaner López, Eduardo",Planetas,Madrid : Alianza Editorial,1991,Planetas
T-274,T6,"Garin, Eugenio",El zodíaco de la vida : la polémica astrológica del trescientos al quinientos,Barcelona : Ediciones Península,1981,Astrología - Historia
T-275,T6,"Fúrlong Cárdiff, Guillermo",Galileo Galilei y la inquisición romana,Buenos Aires : Club de lectores,1964,"Galilei, Galileo"
T-276,T6,"Vera, Francisco (1888-1967)",Historia de la matemática en España,Madrid : Victoriano Suárez,1929,Matemáticas - España - Historia
T-277,T6,"Salas Larrazábal, Ramón",Cómo ganó Navarra la Cruz Laureada de San Fernando,Madrid : Industrias Gráficas España,1980,Navarra - Historia
T-278,T6,"Juan, Jorge (1713-1773)","Disertación histórico y geográfica sobre el meridiano de demarcación, 1759",Madrid : Instituto Histórico de Marina,1972,Meridiano de demarcación; Geografía - Historia
T-279,T6,,Calendario atlántico de Agostini : 1951,Novara : Istituto Geografico de Agostini,1951,Geografía - Anuarios; Estadística - Anuarios; Atlas
T-280,T6,"Büdeler, Werner",Proyecto Apolo : la conquista de la Luna : la mayor aventura del hombre,[Barcelona] : Sagitario,1969,Proyecto Apolo; Luna - Exploración
T-281,T6,"Tomeo Lacrue, Mariano",Biografía científica de la Universidad de Zaragoza,Zaragoza : Facultad de Ciencias de Zaragoza,1962,Universidad de Zaragoza - Historia; Ciencia - España - Historia
T-282,T6,Instituto Panamericano de Geografía e Historia,Glosario de términos geodésicos,Buenos Aires : Instituto Panamericano de Geografía e Historia […],1977,Geodesia - Diccionarios
T-283,T6,,Diccionario tecnológico Hispano-Americano,Madrid : Arte y ciencia,1926,Tecnología - Diccionarios
T-284,T6,"Aguilar Peris, José",Diccionario de energía solar,Madrid : Alhambra,1983,Energía solar - Diccionarios
T-285,T6,"Hopkins, Jeanne",Glossary of astronomy and astrophysics. Second edition revised and enlarged,Chicago and London : The University of Chicago Press,1980,Astronomía - Diccionarios; Astrofísica - Diccionarios
T-286,T6,"Pérez, Narciso",El P. Feijoo y las ciencias naturales : un capítulo de historia de la ciencia española,"Madrid : Real Academia de Ciencias Exactas, Físicas y Naturales […]",1948,"Feijoo, Benito Jerónimo; Ciencias naturales - Historia"
T-287,T6,"López de Velasco, Juan (1530-1598)",Geografía y descripción universal de las Indias,Madrid : Establecimiento Tipográfico de Fortanet,1894,Geografía - América - Historia; Indias
